Sport,site,flexType,Site-Leg,Player-Prop-Line,cardEv,compositeScore,diversityScore,winProbCash,winProbAny,avgProb,avgEdgePct,modelEdge,leg1Id,leg2Id,leg3Id,leg4Id,leg5Id,leg6Id,leg7Id,leg8Id,runTimestamp,kellyStake,kellyFrac,bestBetScore,bestBetTier,DeepLink
NBA,UD,5P,ud-5p,Jabari Smith Jr. PTS o9.5 | LeBron James PTS o11.5 | Darius Garland PTS o15.5 | Austin Reaves STL o1.5 | Kevin Durant STL o1.5,3.196342328824403,1.2785369315297612,0.4,0.1460715096360486,0.1460715096360486,0.728425748883692,-5.09300466199913,-0.12980477341991215,underdog-54f46dbb-028d-419e-8434-7703ae48dfd8-points-9.5,underdog-a089c5ef-529c-45d3-8f85-c9cbb84c8fb2-points-11.5,underdog-622e590f-3f15-4f0e-9c78-74072179ef00-points-15.5,underdog-e7f9ab69-35bb-4871-bab1-4335670bfc54-steals-1.5,underdog-348a0f38-07f8-45c0-89fd-e73f32dcbf0b-steals-1.5,,,,2026-03-16T21:19:25 ET,24.5,0.25,-0.17668643389589098,lottery,https://play.underdogfantasy.com/pick-em
NBA,UD,5P,ud-5p,Jabari Smith Jr. PTS o9.5 | LeBron James PTS o11.5 | Julian Champagnie PTS o6.5 | Austin Reaves STL o1.5 | Kevin Durant STL o1.5,3.1563771637879814,1.2625508655151927,0.4,0.1460715096360486,0.1460715096360486,0.7376490119212884,-5.106350872859382,-0.14639883555861655,underdog-54f46dbb-028d-419e-8434-7703ae48dfd8-points-9.5,underdog-a089c5ef-529c-45d3-8f85-c9cbb84c8fb2-points-11.5,underdog-9aaaf91b-7038-4048-93e7-9f7e1f889a28-points-6.5,underdog-e7f9ab69-35bb-4871-bab1-4335670bfc54-steals-1.5,underdog-348a0f38-07f8-45c0-89fd-e73f32dcbf0b-steals-1.5,,,,2026-03-16T21:19:25 ET,24.5,0.25,-0.17714944042335704,lottery,https://play.underdogfantasy.com/pick-em
NBA,UD,5P,ud-5p,Jabari Smith Jr. PTS o9.5 | LeBron James PTS o11.5 | Stephon Castle PTS o12.5 | Austin Reaves STL o1.5 | Kevin Durant STL o1.5,2.9965165036422894,1.1986066014569159,0.4,0.1460715096360486,0.1460715096360486,0.7327987471591293,-5.100149278899847,-0.1376869529357967,underdog-54f46dbb-028d-419e-8434-7703ae48dfd8-points-9.5,underdog-a089c5ef-529c-45d3-8f85-c9cbb84c8fb2-points-11.5,underdog-84e34d07-bd25-4468-b942-844dab4e3a01-points-12.5,underdog-e7f9ab69-35bb-4871-bab1-4335670bfc54-steals-1.5,underdog-348a0f38-07f8-45c0-89fd-e73f32dcbf0b-steals-1.5,,,,2026-03-16T21:19:25 ET,24.5,0.25,-0.17693429482780001,lottery,https://play.underdogfantasy.com/pick-em
NBA,UD,5P,ud-5p,Jabari Smith Jr. PTS o9.5 | LeBron James PTS o11.5 | Bennedict Mathurin PTS o15.5 | Austin Reaves STL o1.5 | Kevin Durant STL o1.5,2.9965165036422894,1.1986066014569159,0.4,0.1460715096360486,0.1460715096360486,0.7320887467104302,-5.089516670708538,-0.1362392056777771,underdog-54f46dbb-028d-419e-8434-7703ae48dfd8-points-9.5,underdog-a089c5ef-529c-45d3-8f85-c9cbb84c8fb2-points-11.5,underdog-b01e89aa-4eff-45ea-83c3-c1bbed04c216-points-15.5,underdog-e7f9ab69-35bb-4871-bab1-4335670bfc54-steals-1.5,underdog-348a0f38-07f8-45c0-89fd-e73f32dcbf0b-steals-1.5,,,,2026-03-16T21:19:25 ET,24.5,0.25,-0.17656542855945515,lottery,https://play.underdogfantasy.com/pick-em
NBA,UD,3P,ud-3p,Kevin Durant PTS o19.5 | Darius Garland PTS o15.5 | Jabari Smith Jr. STL o1.5,1.6822581293167747,1.1215054195445164,0.6666666666666666,0.2999121292066147,0.2999121292066147,0.7070258647999786,-5.000693135495493,-0.12088939751094258,underdog-79e5a344-67ee-4fc1-b291-a6593dbdadb4-points-19.5,underdog-622e590f-3f15-4f0e-9c78-74072179ef00-points-15.5,underdog-1d30954b-4179-4bfa-8b98-7564d3ca78f9-steals-1.5,,,,,,2026-03-16T21:19:25 ET,24.5,0.25,-0.37494213144383887,lottery,https://play.underdogfantasy.com/pick-em
NBA,UD,3P,ud-3p,Kevin Durant PTS o19.5 | Julian Champagnie PTS o6.5 | Jabari Smith Jr. STL o1.5,1.6567128137994724,1.1044752091996481,0.6666666666666666,0.2999121292066147,0.2999121292066147,0.7223979698626392,-5.02293682026258,-0.1462007675390663,underdog-79e5a344-67ee-4fc1-b291-a6593dbdadb4-points-19.5,underdog-9aaaf91b-7038-4048-93e7-9f7e1f889a28-points-6.5,underdog-1d30954b-4179-4bfa-8b98-7564d3ca78f9-steals-1.5,,,,,,2026-03-16T21:19:25 ET,24.5,0.25,-0.3766099191588133,lottery,https://play.underdogfantasy.com/pick-em
NBA,UD,3P,ud-3p,Jabari Smith Jr. PTS o9.5 | Darius Garland PTS o15.5 | Kevin Durant STL o1.5,1.655211250777847,1.1034741671852313,0.6666666666666666,0.3242016179215931,0.3242016179215931,0.7308400247230505,-5.1010596662454555,-0.1432402425435233,underdog-54f46dbb-028d-419e-8434-7703ae48dfd8-points-9.5,underdog-622e590f-3f15-4f0e-9c78-74072179ef00-points-15.5,underdog-348a0f38-07f8-45c0-89fd-e73f32dcbf0b-steals-1.5,,,,,,2026-03-16T21:19:25 ET,24.5,0.25,-0.4134429492278396,lottery,https://play.underdogfantasy.com/pick-em
NBA,UD,3P,ud-3p,LeBron James PTS o11.5 | Darius Garland PTS o15.5 | Kevin Durant STL o1.5,1.655211250777847,1.1034741671852313,0.6666666666666666,0.3242016179215931,0.3242016179215931,0.7249442921495387,-5.102397629478998,-0.13407471586773662,underdog-a089c5ef-529c-45d3-8f85-c9cbb84c8fb2-points-11.5,underdog-622e590f-3f15-4f0e-9c78-74072179ef00-points-15.5,underdog-348a0f38-07f8-45c0-89fd-e73f32dcbf0b-steals-1.5,,,,,,2026-03-16T21:19:25 ET,24.5,0.25,-0.41355139168909805,lottery,https://play.underdogfantasy.com/pick-em
NBA,UD,3P,ud-3p,Jabari Smith Jr. PTS o9.5 | Julian Champagnie PTS o6.5 | Kevin Durant STL o1.5,1.6299235245799633,1.0866156830533087,0.6666666666666666,0.3242016179215931,0.3242016179215931,0.746212129785711,-5.1233033510125425,-0.17135704618052272,underdog-54f46dbb-028d-419e-8434-7703ae48dfd8-points-9.5,underdog-9aaaf91b-7038-4048-93e7-9f7e1f889a28-points-6.5,underdog-348a0f38-07f8-45c0-89fd-e73f32dcbf0b-steals-1.5,,,,,,2026-03-16T21:19:25 ET,24.5,0.25,-0.41524580887534646,lottery,https://play.underdogfantasy.com/pick-em
NBA,UD,3P,ud-3p,LeBron James PTS o11.5 | Julian Champagnie PTS o6.5 | Kevin Durant STL o1.5,1.6299235245799633,1.0866156830533087,0.6666666666666666,0.3242016179215931,0.3242016179215931,0.7403163972121992,-5.124641314246085,-0.16164020962950082,underdog-a089c5ef-529c-45d3-8f85-c9cbb84c8fb2-points-11.5,underdog-9aaaf91b-7038-4048-93e7-9f7e1f889a28-points-6.5,underdog-348a0f38-07f8-45c0-89fd-e73f32dcbf0b-steals-1.5,,,,,,2026-03-16T21:19:25 ET,24.5,0.25,-0.4153542513366049,lottery,https://play.underdogfantasy.com/pick-em
NBA,UD,5P,ud-5p,Jabari Smith Jr. PTS o9.5 | LeBron James PTS o11.5 | Victor Wembanyama PTS o21.5 | Austin Reaves STL o1.5 | Kevin Durant STL o1.5,2.7092471499049684,1.0836988599619874,0.4,0.13557189875383657,0.13557189875383657,0.716953086763706,-4.9704296041564735,-0.11778387139959673,underdog-54f46dbb-028d-419e-8434-7703ae48dfd8-points-9.5,underdog-a089c5ef-529c-45d3-8f85-c9cbb84c8fb2-points-11.5,underdog-50ae1e5d-615b-4a7c-85dc-ac8876347bb4-points-21.5,underdog-e7f9ab69-35bb-4871-bab1-4335670bfc54-steals-1.5,underdog-348a0f38-07f8-45c0-89fd-e73f32dcbf0b-steals-1.5,,,,2026-03-16T21:19:25 ET,24.5,0.25,-0.1600395125262212,lottery,https://play.underdogfantasy.com/pick-em
NBA,UD,3P,ud-3p,Kevin Durant PTS o19.5 | Darius Garland PTS o15.5 | Austin Reaves STL o1.5,1.6249660002973974,1.0833106668649315,0.6666666666666666,0.3244014869888475,0.3244014869888475,0.7227726226332045,-5.111136068786492,-0.13080454685957044,underdog-79e5a344-67ee-4fc1-b291-a6593dbdadb4-points-19.5,underdog-622e590f-3f15-4f0e-9c78-74072179ef00-points-15.5,underdog-e7f9ab69-35bb-4871-bab1-4335670bfc54-steals-1.5,,,,,,2026-03-16T21:19:25 ET,24.5,0.25,-0.4145150352291676,lottery,https://play.underdogfantasy.com/pick-em
NBA,UD,3P,ud-3p,Kevin Durant PTS o19.5 | Julian Champagnie PTS o6.5 | Austin Reaves STL o1.5,1.5999663241040887,1.0666442160693923,0.6666666666666666,0.3244014869888475,0.3244014869888475,0.738144727695865,-5.133379753553579,-0.15818536092564067,underdog-79e5a344-67ee-4fc1-b291-a6593dbdadb4-points-19.5,underdog-9aaaf91b-7038-4048-93e7-9f7e1f889a28-points-6.5,underdog-e7f9ab69-35bb-4871-bab1-4335670bfc54-steals-1.5,,,,,,2026-03-16T21:19:25 ET,24.5,0.25,-0.41631900633280616,lottery,https://play.underdogfantasy.com/pick-em
NBA,UD,3P,ud-3p,LeBron James PTS o11.5 | Darius Garland PTS o15.5 | Jabari Smith Jr. STL o1.5,1.5790943551122831,1.0527295700748553,0.6666666666666666,0.2999121292066147,0.2999121292066147,0.709326050949064,-5.015772559802652,-0.12442554479428342,underdog-a089c5ef-529c-45d3-8f85-c9cbb84c8fb2-points-11.5,underdog-622e590f-3f15-4f0e-9c78-74072179ef00-points-15.5,underdog-1d30954b-4179-4bfa-8b98-7564d3ca78f9-steals-1.5,,,,,,2026-03-16T21:19:25 ET,24.5,0.25,-0.3760727570066314,lottery,https://play.underdogfantasy.com/pick-em
NBA,UD,3P,ud-3p,Kevin Durant PTS o19.5 | Darius Garland PTS o15.5 | LeBron James STL o1.5,1.5709959734371681,1.047330648958112,0.6666666666666666,0.3417114538558786,0.3417114538558786,0.733903002563137,-5.144428834795211,-0.1368988329888296,underdog-79e5a344-67ee-4fc1-b291-a6593dbdadb4-points-19.5,underdog-622e590f-3f15-4f0e-9c78-74072179ef00-points-15.5,underdog-d2b4dcf3-5a4e-415b-b9ce-5e9ece3eba2e-steals-1.5,,,,,,2026-03-16T21:19:25 ET,24.5,0.25,-0.43947756409899374,lottery,https://play.underdogfantasy.com/pick-em
NBA,UD,3P,ud-3p,LeBron James PTS o11.5 | Kevin Durant STL o1.5 | Jabari Smith Jr. STL o1.5,1.560217527373144,1.0401450182487626,0.6666666666666666,0.2605023939126113,0.2605023939126113,0.6759191067364979,-4.689677267757908,-0.10381979510856798,underdog-a089c5ef-529c-45d3-8f85-c9cbb84c8fb2-points-11.5,underdog-348a0f38-07f8-45c0-89fd-e73f32dcbf0b-steals-1.5,underdog-1d30954b-4179-4bfa-8b98-7564d3ca78f9-steals-1.5,,,,,,2026-03-16T21:19:25 ET,24.5,0.25,-0.3054180387321223,lottery,https://play.underdogfantasy.com/pick-em
NBA,UD,3P,ud-3p,LeBron James PTS o11.5 | Kevin Durant PTS o19.5 | Jabari Smith Jr. STL o1.5,1.5545315517302614,1.036354367820174,0.6666666666666666,0.2999121292066147,0.2999121292066147,0.7397673450645222,-5.212383888997562,-0.17746775404439563,underdog-a089c5ef-529c-45d3-8f85-c9cbb84c8fb2-points-11.5,underdog-79e5a344-67ee-4fc1-b291-a6593dbdadb4-points-19.5,underdog-1d30954b-4179-4bfa-8b98-7564d3ca78f9-steals-1.5,,,,,,2026-03-16T21:19:25 ET,24.5,0.25,-0.3908142875978784,lottery,https://play.underdogfantasy.com/pick-em
NBA,UD,3P,ud-3p,LeBron James PTS o11.5 | Julian Champagnie PTS o6.5 | Jabari Smith Jr. STL o1.5,1.5545315517302614,1.036354367820174,0.6666666666666666,0.2999121292066147,0.2999121292066147,0.7246981560117245,-5.038016244569739,-0.14994961541087876,underdog-a089c5ef-529c-45d3-8f85-c9cbb84c8fb2-points-11.5,underdog-9aaaf91b-7038-4048-93e7-9f7e1f889a28-points-6.5,underdog-1d30954b-4179-4bfa-8b98-7564d3ca78f9-steals-1.5,,,,,,2026-03-16T21:19:25 ET,24.5,0.25,-0.37774054472160584,lottery,https://play.underdogfantasy.com/pick-em
NBA,UD,3P,ud-3p,Kevin Durant PTS o19.5 | Stephon Castle PTS o12.5 | Jabari Smith Jr. STL o1.5,1.5545315517302614,1.036354367820174,0.6666666666666666,0.2999121292066147,0.2999121292066147,0.7143141952590408,-5.012600830330023,-0.1329122982743014,underdog-79e5a344-67ee-4fc1-b291-a6593dbdadb4-points-19.5,underdog-84e34d07-bd25-4468-b942-844dab4e3a01-points-12.5,underdog-1d30954b-4179-4bfa-8b98-7564d3ca78f9-steals-1.5,,,,,,2026-03-16T21:19:25 ET,24.5,0.25,-0.3758349469717805,lottery,https://play.underdogfantasy.com/pick-em
NBA,UD,3P,ud-3p,Kevin Durant PTS o19.5 | Bennedict Mathurin PTS o15.5 | Jabari Smith Jr. STL o1.5,1.5545315517302614,1.036354367820174,0.6666666666666666,0.2999121292066147,0.2999121292066147,0.7131308611778756,-4.99487981667784,-0.13070401037899054,underdog-79e5a344-67ee-4fc1-b291-a6593dbdadb4-points-19.5,underdog-b01e89aa-4eff-45ea-83c3-c1bbed04c216-points-15.5,underdog-1d30954b-4179-4bfa-8b98-7564d3ca78f9-steals-1.5,,,,,,2026-03-16T21:19:25 ET,24.5,0.25,-0.3745062602377491,lottery,https://play.underdogfantasy.com/pick-em
NBA,UD,3P,ud-3p,Kevin Durant PTS o19.5 | Julian Champagnie PTS o6.5 | LeBron James STL o1.5,1.5465102974996712,1.0310068649997808,0.6666666666666666,0.3417114538558786,0.3417114538558786,0.7492751076257975,-5.166672519562298,-0.16568742167121803,underdog-79e5a344-67ee-4fc1-b291-a6593dbdadb4-points-19.5,underdog-9aaaf91b-7038-4048-93e7-9f7e1f889a28-points-6.5,underdog-d2b4dcf3-5a4e-415b-b9ce-5e9ece3eba2e-steals-1.5,,,,,,2026-03-16T21:19:25 ET,24.5,0.25,-0.44137779456421206,lottery,https://play.underdogfantasy.com/pick-em
NBA,UD,3P,ud-3p,Jabari Smith Jr. PTS o9.5 | LeBron James PTS o11.5 | Kevin Durant STL o1.5,1.528772619788426,1.0191817465256172,0.6666666666666666,0.3242016179215931,0.3242016179215931,0.7635815049875941,-5.312750419747524,-0.20608956832034553,underdog-54f46dbb-028d-419e-8434-7703ae48dfd8-points-9.5,underdog-a089c5ef-529c-45d3-8f85-c9cbb84c8fb2-points-11.5,underdog-348a0f38-07f8-45c0-89fd-e73f32dcbf0b-steals-1.5,,,,,,2026-03-16T21:19:25 ET,24.5,0.25,-0.4306005704239425,lottery,https://play.underdogfantasy.com/pick-em
NBA,UD,3P,ud-3p,Jabari Smith Jr. PTS o9.5 | Stephon Castle PTS o12.5 | Kevin Durant STL o1.5,1.528772619788426,1.0191817465256172,0.6666666666666666,0.3242016179215931,0.3242016179215931,0.7381283551821127,-5.112967361079986,-0.15659572427109802,underdog-54f46dbb-028d-419e-8434-7703ae48dfd8-points-9.5,underdog-84e34d07-bd25-4468-b942-844dab4e3a01-points-12.5,underdog-348a0f38-07f8-45c0-89fd-e73f32dcbf0b-steals-1.5,,,,,,2026-03-16T21:19:25 ET,24.5,0.25,-0.41440807271060737,lottery,https://play.underdogfantasy.com/pick-em
NBA,UD,3P,ud-3p,Jabari Smith Jr. PTS o9.5 | Bennedict Mathurin PTS o15.5 | Kevin Durant STL o1.5,1.528772619788426,1.0191817465256172,0.6666666666666666,0.3242016179215931,0.3242016179215931,0.7369450211009475,-5.0952463474278025,-0.1541426766068496,underdog-54f46dbb-028d-419e-8434-7703ae48dfd8-points-9.5,underdog-b01e89aa-4eff-45ea-83c3-c1bbed04c216-points-15.5,underdog-348a0f38-07f8-45c0-89fd-e73f32dcbf0b-steals-1.5,,,,,,2026-03-16T21:19:25 ET,24.5,0.25,-0.41297177738629526,lottery,https://play.underdogfantasy.com/pick-em
NBA,UD,3P,ud-3p,LeBron James PTS o11.5 | Stephon Castle PTS o12.5 | Kevin Durant STL o1.5,1.528772619788426,1.0191817465256172,0.6666666666666666,0.3242016179215931,0.3242016179215931,0.7322326226086008,-5.114305324313528,-0.14716832540457464,underdog-a089c5ef-529c-45d3-8f85-c9cbb84c8fb2-points-11.5,underdog-84e34d07-bd25-4468-b942-844dab4e3a01-points-12.5,underdog-348a0f38-07f8-45c0-89fd-e73f32dcbf0b-steals-1.5,,,,,,2026-03-16T21:19:25 ET,24.5,0.25,-0.4145165151718659,lottery,https://play.underdogfantasy.com/pick-em
NBA,UD,3P,ud-3p,LeBron James PTS o11.5 | Bennedict Mathurin PTS o15.5 | Kevin Durant STL o1.5,1.528772619788426,1.0191817465256172,0.6666666666666666,0.3242016179215931,0.3242016179215931,0.7310492885274354,-5.096584310661345,-0.14476337671413497,underdog-a089c5ef-529c-45d3-8f85-c9cbb84c8fb2-points-11.5,underdog-b01e89aa-4eff-45ea-83c3-c1bbed04c216-points-15.5,underdog-348a0f38-07f8-45c0-89fd-e73f32dcbf0b-steals-1.5,,,,,,2026-03-16T21:19:25 ET,24.5,0.25,-0.4130802198475538,lottery,https://play.underdogfantasy.com/pick-em
NBA,UD,3P,ud-3p,Jabari Smith Jr. PTS o9.5 | Darius Garland PTS o15.5 | Austin Reaves STL o1.5,1.524005769516728,1.0160038463444852,0.6666666666666666,0.3244014869888475,0.3244014869888475,0.7309685413558017,-5.124877529860109,-0.14381043354095385,underdog-54f46dbb-028d-419e-8434-7703ae48dfd8-points-9.5,underdog-622e590f-3f15-4f0e-9c78-74072179ef00-points-15.5,underdog-e7f9ab69-35bb-4871-bab1-4335670bfc54-steals-1.5,,,,,,2026-03-16T21:19:25 ET,24.5,0.25,-0.4156294728305878,lottery,https://play.underdogfantasy.com/pick-em
NBA,UD,3P,ud-3p,LeBron James PTS o11.5 | Darius Garland PTS o15.5 | Austin Reaves STL o1.5,1.524005769516728,1.0160038463444852,0.6666666666666666,0.3244014869888475,0.3244014869888475,0.7250728087822899,-5.126215493093652,-0.13462980764821258,underdog-a089c5ef-529c-45d3-8f85-c9cbb84c8fb2-points-11.5,underdog-622e590f-3f15-4f0e-9c78-74072179ef00-points-15.5,underdog-e7f9ab69-35bb-4871-bab1-4335670bfc54-steals-1.5,,,,,,2026-03-16T21:19:25 ET,24.5,0.25,-0.41573798214621227,lottery,https://play.underdogfantasy.com/pick-em
NBA,UD,3P,ud-3p,Jabari Smith Jr. PTS o9.5 | Austin Reaves STL o1.5 | Kevin Durant STL o1.5,1.5055321444516667,1.003688096301111,0.6666666666666666,0.2817737454399086,0.2817737454399086,0.6975615971432357,-4.798782237815365,-0.12021740987020563,underdog-54f46dbb-028d-419e-8434-7703ae48dfd8-points-9.5,underdog-e7f9ab69-35bb-4871-bab1-4335670bfc54-steals-1.5,underdog-348a0f38-07f8-45c0-89fd-e73f32dcbf0b-steals-1.5,,,,,,2026-03-16T21:19:25 ET,24.5,0.25,-0.33804271117493534,lottery,https://play.underdogfantasy.com/pick-em
NBA,UD,3P,ud-3p,LeBron James PTS o11.5 | Austin Reaves STL o1.5 | Kevin Durant STL o1.5,1.5055321444516667,1.003688096301111,0.6666666666666666,0.2817737454399086,0.2817737454399086,0.6916658645697238,-4.800120201048908,-0.11233523035432103,underdog-a089c5ef-529c-45d3-8f85-c9cbb84c8fb2-points-11.5,underdog-e7f9ab69-35bb-4871-bab1-4335670bfc54-steals-1.5,underdog-348a0f38-07f8-45c0-89fd-e73f32dcbf0b-steals-1.5,,,,,,2026-03-16T21:19:25 ET,24.5,0.25,-0.33813696190282944,lottery,https://play.underdogfantasy.com/pick-em
NBA,UD,3P,ud-3p,Jabari Smith Jr. PTS o9.5 | Kevin Durant PTS o19.5 | Austin Reaves STL o1.5,1.4999676193308544,0.9999784128872362,0.6666666666666666,0.3244014869888475,0.3244014869888475,0.7614098354712601,-5.32148885905502,-0.20233692360717892,underdog-54f46dbb-028d-419e-8434-7703ae48dfd8-points-9.5,underdog-79e5a344-67ee-4fc1-b291-a6593dbdadb4-points-19.5,underdog-e7f9ab69-35bb-4871-bab1-4335670bfc54-steals-1.5,,,,,,2026-03-16T21:19:25 ET,24.5,0.25,-0.4315747247180085,lottery,https://play.underdogfantasy.com/pick-em
NBA,UD,3P,ud-3p,Jabari Smith Jr. PTS o9.5 | Julian Champagnie PTS o6.5 | Austin Reaves STL o1.5,1.4999676193308544,0.9999784128872362,0.6666666666666666,0.3244014869888475,0.3244014869888475,0.7463406464184622,-5.147121214627196,-0.1719735565803403,underdog-54f46dbb-028d-419e-8434-7703ae48dfd8-points-9.5,underdog-9aaaf91b-7038-4048-93e7-9f7e1f889a28-points-6.5,underdog-e7f9ab69-35bb-4871-bab1-4335670bfc54-steals-1.5,,,,,,2026-03-16T21:19:25 ET,24.5,0.25,-0.4174334439342264,lottery,https://play.underdogfantasy.com/pick-em
NBA,UD,3P,ud-3p,LeBron James PTS o11.5 | Kevin Durant PTS o19.5 | Austin Reaves STL o1.5,1.4999676193308544,0.9999784128872362,0.6666666666666666,0.3244014869888475,0.3244014869888475,0.755514102897748,-5.322826822288562,-0.19200871947784504,underdog-a089c5ef-529c-45d3-8f85-c9cbb84c8fb2-points-11.5,underdog-79e5a344-67ee-4fc1-b291-a6593dbdadb4-points-19.5,underdog-e7f9ab69-35bb-4871-bab1-4335670bfc54-steals-1.5,,,,,,2026-03-16T21:19:25 ET,24.5,0.25,-0.43168323403363285,lottery,https://play.underdogfantasy.com/pick-em
NBA,UD,3P,ud-3p,LeBron James PTS o11.5 | Julian Champagnie PTS o6.5 | Austin Reaves STL o1.5,1.4999676193308544,0.9999784128872362,0.6666666666666666,0.3244014869888475,0.3244014869888475,0.7404449138449504,-5.148459177860739,-0.16224071258878758,underdog-a089c5ef-529c-45d3-8f85-c9cbb84c8fb2-points-11.5,underdog-9aaaf91b-7038-4048-93e7-9f7e1f889a28-points-6.5,underdog-e7f9ab69-35bb-4871-bab1-4335670bfc54-steals-1.5,,,,,,2026-03-16T21:19:25 ET,24.5,0.25,-0.41754195324985083,lottery,https://play.underdogfantasy.com/pick-em
NBA,UD,3P,ud-3p,Kevin Durant PTS o19.5 | Stephon Castle PTS o12.5 | Austin Reaves STL o1.5,1.4999676193308544,0.9999784128872362,0.6666666666666666,0.3244014869888475,0.3244014869888475,0.7300609530922667,-5.123043763621023,-0.14381043354095385,underdog-79e5a344-67ee-4fc1-b291-a6593dbdadb4-points-19.5,underdog-84e34d07-bd25-4468-b942-844dab4e3a01-points-12.5,underdog-e7f9ab69-35bb-4871-bab1-4335670bfc54-steals-1.5,,,,,,2026-03-16T21:19:25 ET,24.5,0.25,-0.41548075370690046,lottery,https://play.underdogfantasy.com/pick-em
NBA,UD,3P,ud-3p,Kevin Durant PTS o19.5 | Bennedict Mathurin PTS o15.5 | Austin Reaves STL o1.5,1.4999676193308544,0.9999784128872362,0.6666666666666666,0.3244014869888475,0.3244014869888475,0.7288776190111014,-5.105322749968839,-0.1414215972117201,underdog-79e5a344-67ee-4fc1-b291-a6593dbdadb4-points-19.5,underdog-b01e89aa-4eff-45ea-83c3-c1bbed04c216-points-15.5,underdog-e7f9ab69-35bb-4871-bab1-4335670bfc54-steals-1.5,,,,,,2026-03-16T21:19:25 ET,24.5,0.25,-0.4140435729119709,lottery,https://play.underdogfantasy.com/pick-em
NBA,UD,3P,ud-3p,Kevin Durant PTS o19.5 | LeBron James STL o1.5 | Jabari Smith Jr. STL o1.5,1.4790151638862334,0.9860101092574889,0.6666666666666666,0.2745718924152425,0.2745718924152425,0.6848778171500963,-4.7317084730741215,-0.10591545666850044,underdog-79e5a344-67ee-4fc1-b291-a6593dbdadb4-points-19.5,underdog-d2b4dcf3-5a4e-415b-b9ce-5e9ece3eba2e-steals-1.5,underdog-1d30954b-4179-4bfa-8b98-7564d3ca78f9-steals-1.5,,,,,,2026-03-16T21:19:25 ET,24.5,0.25,-0.32479853745229975,lottery,https://play.underdogfantasy.com/pick-em
NBA,UD,2P,ud-2p,Darius Garland PTS o15.5 | Kevin Durant STL o1.5,0.9857349097697576,0.9857349097697576,1,0.45028002489110147,0.45028002489110147,0.6754993397787121,-4.727659229954556,-0.06909982007013887,underdog-622e590f-3f15-4f0e-9c78-74072179ef00-points-15.5,underdog-348a0f38-07f8-45c0-89fd-e73f32dcbf0b-steals-1.5,,,,,,,2026-03-16T21:19:25 ET,24.5,0.25,-0.5321926289351457,lottery,https://play.underdogfantasy.com/pick-em
NBA,UD,3P,ud-3p,Jabari Smith Jr. PTS o9.5 | Darius Garland PTS o15.5 | LeBron James STL o1.5,1.4721115129203541,0.9814076752802361,0.6666666666666666,0.3417114538558786,0.3417114538558786,0.7420989212857342,-5.158170295868828,-0.15057341261296414,underdog-54f46dbb-028d-419e-8434-7703ae48dfd8-points-9.5,underdog-622e590f-3f15-4f0e-9c78-74072179ef00-points-15.5,underdog-d2b4dcf3-5a4e-415b-b9ce-5e9ece3eba2e-steals-1.5,,,,,,2026-03-16T21:19:25 ET,24.5,0.25,-0.4406514677593862,lottery,https://play.underdogfantasy.com/pick-em
NBA,UD,3P,ud-3p,LeBron James PTS o11.5 | Stephon Castle PTS o12.5 | Jabari Smith Jr. STL o1.5,1.4562803382021743,0.9708535588014495,0.6666666666666666,0.2999121292066147,0.2999121292066147,0.7166143814081259,-5.027680254637183,-0.13654947833716624,underdog-a089c5ef-529c-45d3-8f85-c9cbb84c8fb2-points-11.5,underdog-84e34d07-bd25-4468-b942-844dab4e3a01-points-12.5,underdog-1d30954b-4179-4bfa-8b98-7564d3ca78f9-steals-1.5,,,,,,2026-03-16T21:19:25 ET,24.5,0.25,-0.376965572534573,lottery,https://play.underdogfantasy.com/pick-em
NBA,UD,3P,ud-3p,LeBron James PTS o11.5 | Bennedict Mathurin PTS o15.5 | Jabari Smith Jr. STL o1.5,1.4562803382021743,0.9708535588014495,0.6666666666666666,0.2999121292066147,0.2999121292066147,0.7154310473269607,-5.009959240984999,-0.13432263340071832,underdog-a089c5ef-529c-45d3-8f85-c9cbb84c8fb2-points-11.5,underdog-b01e89aa-4eff-45ea-83c3-c1bbed04c216-points-15.5,underdog-1d30954b-4179-4bfa-8b98-7564d3ca78f9-steals-1.5,,,,,,2026-03-16T21:19:25 ET,24.5,0.25,-0.3756368858005416,lottery,https://play.underdogfantasy.com/pick-em
NBA,UD,3P,ud-3p,Jabari Smith Jr. PTS o9.5 | LeBron James STL o1.5 | Kevin Durant STL o1.5,1.4540177106952283,0.9693451404634855,0.6666666666666666,0.2968091086956009,0.2968091086956009,0.7086919770731682,-4.832075003824084,-0.12585027594708376,underdog-54f46dbb-028d-419e-8434-7703ae48dfd8-points-9.5,underdog-d2b4dcf3-5a4e-415b-b9ce-5e9ece3eba2e-steals-1.5,underdog-348a0f38-07f8-45c0-89fd-e73f32dcbf0b-steals-1.5,,,,,,2026-03-16T21:19:25 ET,24.5,0.25,-0.35855096875882964,lottery,https://play.underdogfantasy.com/pick-em
NBA,UD,2P,ud-2p,Julian Champagnie PTS o6.5 | Kevin Durant STL o1.5,0.9668231487243313,0.9668231487243313,1,0.45028002489110147,0.45028002489110147,0.6985574973727029,-4.7610247571051865,-0.1003407130001383,underdog-9aaaf91b-7038-4048-93e7-9f7e1f889a28-points-6.5,underdog-348a0f38-07f8-45c0-89fd-e73f32dcbf0b-steals-1.5,,,,,,,2026-03-16T21:19:25 ET,24.5,0.25,-0.5359485865341185,lottery,https://play.underdogfantasy.com/pick-em
NBA,UD,3P,ud-3p,Jabari Smith Jr. PTS o9.5 | Kevin Durant PTS o19.5 | LeBron James STL o1.5,1.4485675937496838,0.9657117291664559,0.6666666666666666,0.3417114538558786,0.3417114538558786,0.7725402154011926,-5.3547816250637394,-0.2121090209215694,underdog-54f46dbb-028d-419e-8434-7703ae48dfd8-points-9.5,underdog-79e5a344-67ee-4fc1-b291-a6593dbdadb4-points-19.5,underdog-d2b4dcf3-5a4e-415b-b9ce-5e9ece3eba2e-steals-1.5,,,,,,2026-03-16T21:19:25 ET,24.5,0.25,-0.45744755354531863,lottery,https://play.underdogfantasy.com/pick-em
NBA,UD,3P,ud-3p,Jabari Smith Jr. PTS o9.5 | Julian Champagnie PTS o6.5 | LeBron James STL o1.5,1.4485675937496838,0.9657117291664559,0.6666666666666666,0.3417114538558786,0.3417114538558786,0.7574710263483947,-5.180413980635915,-0.1801845324005637,underdog-54f46dbb-028d-419e-8434-7703ae48dfd8-points-9.5,underdog-9aaaf91b-7038-4048-93e7-9f7e1f889a28-points-6.5,underdog-d2b4dcf3-5a4e-415b-b9ce-5e9ece3eba2e-steals-1.5,,,,,,2026-03-16T21:19:25 ET,24.5,0.25,-0.4425516982246045,lottery,https://play.underdogfantasy.com/pick-em
NBA,UD,3P,ud-3p,Kevin Durant PTS o19.5 | Stephon Castle PTS o12.5 | LeBron James STL o1.5,1.4485675937496838,0.9657117291664559,0.6666666666666666,0.3417114538558786,0.3417114538558786,0.7411913330221992,-5.156336529629742,-0.15057341261296414,underdog-79e5a344-67ee-4fc1-b291-a6593dbdadb4-points-19.5,underdog-84e34d07-bd25-4468-b942-844dab4e3a01-points-12.5,underdog-d2b4dcf3-5a4e-415b-b9ce-5e9ece3eba2e-steals-1.5,,,,,,2026-03-16T21:19:25 ET,24.5,0.25,-0.4404948130274887,lottery,https://play.underdogfantasy.com/pick-em
NBA,UD,3P,ud-3p,Kevin Durant PTS o19.5 | Bennedict Mathurin PTS o15.5 | LeBron James STL o1.5,1.4485675937496838,0.9657117291664559,0.6666666666666666,0.3417114538558786,0.3417114538558786,0.7400079989410339,-5.138615515977558,-0.1480617551309802,underdog-79e5a344-67ee-4fc1-b291-a6593dbdadb4-points-19.5,underdog-b01e89aa-4eff-45ea-83c3-c1bbed04c216-points-15.5,underdog-d2b4dcf3-5a4e-415b-b9ce-5e9ece3eba2e-steals-1.5,,,,,,2026-03-16T21:19:25 ET,24.5,0.25,-0.4389809446927668,lottery,https://play.underdogfantasy.com/pick-em
NBA,UD,3P,ud-3p,LeBron James PTS o11.5 | Austin Reaves STL o1.5 | Jabari Smith Jr. STL o1.5,1.4337060971757394,0.9558040647838262,0.6666666666666666,0.26066299264997317,0.26066299264997317,0.6760476233692491,-4.713495131372562,-0.10425937789573764,underdog-a089c5ef-529c-45d3-8f85-c9cbb84c8fb2-points-11.5,underdog-e7f9ab69-35bb-4871-bab1-4335670bfc54-steals-1.5,underdog-1d30954b-4179-4bfa-8b98-7564d3ca78f9-steals-1.5,,,,,,2026-03-16T21:19:25 ET,24.5,0.25,-0.3071584366961626,lottery,https://play.underdogfantasy.com/pick-em
NBA,UD,3P,ud-3p,Kevin Durant PTS o19.5 | LeBron James STL o1.5 | Austin Reaves STL o1.5,1.4260642360623925,0.9507094907082616,0.6666666666666666,0.29699209038485935,0.29699209038485935,0.7006245749833222,-4.842151406365121,-0.11460370028859357,underdog-79e5a344-67ee-4fc1-b291-a6593dbdadb4-points-19.5,underdog-d2b4dcf3-5a4e-415b-b9ce-5e9ece3eba2e-steals-1.5,underdog-e7f9ab69-35bb-4871-bab1-4335670bfc54-steals-1.5,,,,,,2026-03-16T21:19:25 ET,24.5,0.25,-0.359520167034091,lottery,https://play.underdogfantasy.com/pick-em
NBA,UD,4P,ud-4p,Jabari Smith Jr. PTS o9.5 | Julian Champagnie PTS o6.5 | Austin Reaves STL o1.5 | Kevin Durant STL o1.5,1.8863730304083206,0.9431865152041603,0.5,0.20287709671673418,0.20287709671673418,0.7161027156788125,-4.9199699839422575,-0.12858929450388626,underdog-54f46dbb-028d-419e-8434-7703ae48dfd8-points-9.5,underdog-9aaaf91b-7038-4048-93e7-9f7e1f889a28-points-6.5,underdog-e7f9ab69-35bb-4871-bab1-4335670bfc54-steals-1.5,underdog-348a0f38-07f8-45c0-89fd-e73f32dcbf0b-steals-1.5,,,,,2026-03-16T21:19:25 ET,24.5,0.25,-0.24953730656892062,lottery,https://play.underdogfantasy.com/pick-em
NBA,UD,3P,ud-3p,Jabari Smith Jr. PTS o9.5 | LeBron James PTS o11.5 | Austin Reaves STL o1.5,1.40381501858736,0.9358766790582399,0.6666666666666666,0.3244014869888475,0.3244014869888475,0.7637100216203452,-5.336568283362179,-0.2067632968054649,underdog-54f46dbb-028d-419e-8434-7703ae48dfd8-points-9.5,underdog-a089c5ef-529c-45d3-8f85-c9cbb84c8fb2-points-11.5,underdog-e7f9ab69-35bb-4871-bab1-4335670bfc54-steals-1.5,,,,,,2026-03-16T21:19:25 ET,24.5,0.25,-0.43279767163505306,lottery,https://play.underdogfantasy.com/pick-em
NBA,UD,3P,ud-3p,Jabari Smith Jr. PTS o9.5 | Stephon Castle PTS o12.5 | Austin Reaves STL o1.5,1.40381501858736,0.9358766790582399,0.6666666666666666,0.3244014869888475,0.3244014869888475,0.7382568718148638,-5.13678522469464,-0.15718791698466245,underdog-54f46dbb-028d-419e-8434-7703ae48dfd8-points-9.5,underdog-84e34d07-bd25-4468-b942-844dab4e3a01-points-12.5,underdog-e7f9ab69-35bb-4871-bab1-4335670bfc54-steals-1.5,,,,,,2026-03-16T21:19:25 ET,24.5,0.25,-0.4165951913083206,lottery,https://play.underdogfantasy.com/pick-em
NBA,UD,3P,ud-3p,Jabari Smith Jr. PTS o9.5 | Bennedict Mathurin PTS o15.5 | Austin Reaves STL o1.5,1.40381501858736,0.9358766790582399,0.6666666666666666,0.3244014869888475,0.3244014869888475,0.7370735377336985,-5.119064211042456,-0.15473082818887923,underdog-54f46dbb-028d-419e-8434-7703ae48dfd8-points-9.5,underdog-b01e89aa-4eff-45ea-83c3-c1bbed04c216-points-15.5,underdog-e7f9ab69-35bb-4871-bab1-4335670bfc54-steals-1.5,,,,,,2026-03-16T21:19:25 ET,24.5,0.25,-0.4151580105133911,lottery,https://play.underdogfantasy.com/pick-em
NBA,UD,3P,ud-3p,LeBron James PTS o11.5 | Stephon Castle PTS o12.5 | Austin Reaves STL o1.5,1.40381501858736,0.9358766790582399,0.6666666666666666,0.3244014869888475,0.3244014869888475,0.7323611392413518,-5.138123187928183,-0.14774498749498577,underdog-a089c5ef-529c-45d3-8f85-c9cbb84c8fb2-points-11.5,underdog-84e34d07-bd25-4468-b942-844dab4e3a01-points-12.5,underdog-e7f9ab69-35bb-4871-bab1-4335670bfc54-steals-1.5,,,,,,2026-03-16T21:19:25 ET,24.5,0.25,-0.416703700623945,lottery,https://play.underdogfantasy.com/pick-em
NBA,UD,3P,ud-3p,LeBron James PTS o11.5 | Bennedict Mathurin PTS o15.5 | Austin Reaves STL o1.5,1.40381501858736,0.9358766790582399,0.6666666666666666,0.3244014869888475,0.3244014869888475,0.7311778051601866,-5.120402174275999,-0.14533607691088452,underdog-a089c5ef-529c-45d3-8f85-c9cbb84c8fb2-points-11.5,underdog-b01e89aa-4eff-45ea-83c3-c1bbed04c216-points-15.5,underdog-e7f9ab69-35bb-4871-bab1-4335670bfc54-steals-1.5,,,,,,2026-03-16T21:19:25 ET,24.5,0.25,-0.4152665198290155,lottery,https://play.underdogfantasy.com/pick-em
NBA,UD,2P,ud-2p,Darius Garland PTS o15.5 | Jabari Smith Jr. STL o1.5,0.9288098809600411,0.9288098809600411,1,0.416544623898076,0.416544623898076,0.652071977978,-4.5977216254400375,-0.06437140663627516,underdog-622e590f-3f15-4f0e-9c78-74072179ef00-points-15.5,underdog-1d30954b-4179-4bfa-8b98-7564d3ca78f9-steals-1.5,,,,,,,2026-03-16T21:19:25 ET,24.5,0.25,-0.4787890563142428,lottery,https://play.underdogfantasy.com/pick-em
NBA,UD,5F,ud-5f,Jabari Smith Jr. PTS o9.5 | LeBron James PTS o11.5 | Julian Champagnie PTS o6.5 | Austin Reaves STL o1.5 | Kevin Durant STL o1.5,2.30623772428547,0.9224950897141881,0.4,0.4913394871415253,0.4913394871415253,0.7376490119212884,-5.106350872859382,0.19886914194686017,underdog-54f46dbb-028d-419e-8434-7703ae48dfd8-points-9.5,underdog-a089c5ef-529c-45d3-8f85-c9cbb84c8fb2-points-11.5,underdog-9aaaf91b-7038-4048-93e7-9f7e1f889a28-points-6.5,underdog-e7f9ab69-35bb-4871-bab1-4335670bfc54-steals-1.5,underdog-348a0f38-07f8-45c0-89fd-e73f32dcbf0b-steals-1.5,,,,2026-03-16T21:19:25 ET,24.5,0.25,-0.5958760570209096,lottery,https://play.underdogfantasy.com/pick-em
NBA,UD,3P,ud-3p,Kevin Durant PTS o19.5 | Victor Wembanyama PTS o21.5 | Jabari Smith Jr. STL o1.5,1.370911985215685,0.9139413234771233,0.6666666666666666,0.27835446431103655,0.27835446431103655,0.6879047612666684,-4.796401372424401,-0.10809591736835278,underdog-79e5a344-67ee-4fc1-b291-a6593dbdadb4-points-19.5,underdog-50ae1e5d-615b-4a7c-85dc-ac8876347bb4-points-21.5,underdog-1d30954b-4179-4bfa-8b98-7564d3ca78f9-steals-1.5,,,,,,2026-03-16T21:19:25 ET,24.5,0.25,-0.33377493366047867,lottery,https://play.underdogfantasy.com/pick-em
NBA,UD,4P,ud-4p,Jabari Smith Jr. PTS o9.5 | Julian Champagnie PTS o6.5 | LeBron James STL o1.5 | Kevin Durant STL o1.5,1.8270284027209023,0.9135142013604511,0.5,0.21370255826083262,0.21370255826083262,0.7244505006262618,-4.944939558448796,-0.1348060571462933,underdog-54f46dbb-028d-419e-8434-7703ae48dfd8-points-9.5,underdog-9aaaf91b-7038-4048-93e7-9f7e1f889a28-points-6.5,underdog-d2b4dcf3-5a4e-415b-b9ce-5e9ece3eba2e-steals-1.5,underdog-348a0f38-07f8-45c0-89fd-e73f32dcbf0b-steals-1.5,,,,,2026-03-16T21:19:25 ET,24.5,0.25,-0.264186558521425,lottery,https://play.underdogfantasy.com/pick-em
NBA,UD,2P,ud-2p,Kevin Durant PTS o19.5 | Jabari Smith Jr. STL o1.5,0.9104402630461359,0.9104402630461359,1,0.416544623898076,0.416544623898076,0.6977339191511874,-4.892638619232403,-0.124485910453069,underdog-79e5a344-67ee-4fc1-b291-a6593dbdadb4-points-19.5,underdog-1d30954b-4179-4bfa-8b98-7564d3ca78f9-steals-1.5,,,,,,,2026-03-16T21:19:25 ET,24.5,0.25,-0.5095005783793408,lottery,https://play.underdogfantasy.com/pick-em
NBA,UD,2P,ud-2p,Julian Champagnie PTS o6.5 | Jabari Smith Jr. STL o1.5,0.9104402630461359,0.9104402630461359,1,0.416544623898076,0.416544623898076,0.6751301355719908,-4.631087152590668,-0.09329868666841656,underdog-9aaaf91b-7038-4048-93e7-9f7e1f889a28-points-6.5,underdog-1d30954b-4179-4bfa-8b98-7564d3ca78f9-steals-1.5,,,,,,,2026-03-16T21:19:25 ET,24.5,0.25,-0.4822636140537729,lottery,https://play.underdogfantasy.com/pick-em
NBA,UD,3P,ud-3p,Jabari Smith Jr. PTS o9.5 | Stephon Castle PTS o12.5 | LeBron James STL o1.5,1.3543919170670038,0.9029279447113359,0.6666666666666666,0.3417114538558786,0.3417114538558786,0.7493872517447963,-5.170077990703359,-0.16463869451207397,underdog-54f46dbb-028d-419e-8434-7703ae48dfd8-points-9.5,underdog-84e34d07-bd25-4468-b942-844dab4e3a01-points-12.5,underdog-d2b4dcf3-5a4e-415b-b9ce-5e9ece3eba2e-steals-1.5,,,,,,2026-03-16T21:19:25 ET,24.5,0.25,-0.4416687166878811,lottery,https://play.underdogfantasy.com/pick-em
NBA,UD,3P,ud-3p,Jabari Smith Jr. PTS o9.5 | Bennedict Mathurin PTS o15.5 | LeBron James STL o1.5,1.3543919170670038,0.9029279447113359,0.6666666666666666,0.3417114538558786,0.3417114538558786,0.748203917663631,-5.152356977051175,-0.1620552753877476,underdog-54f46dbb-028d-419e-8434-7703ae48dfd8-points-9.5,underdog-b01e89aa-4eff-45ea-83c3-c1bbed04c216-points-15.5,underdog-d2b4dcf3-5a4e-415b-b9ce-5e9ece3eba2e-steals-1.5,,,,,,2026-03-16T21:19:25 ET,24.5,0.25,-0.4401548483531592,lottery,https://play.underdogfantasy.com/pick-em
NBA,UD,3P,ud-3p,Jabari Smith Jr. PTS o9.5 | Victor Wembanyama PTS o21.5 | Kevin Durant STL o1.5,1.3470046036740917,0.8980030691160611,0.6666666666666666,0.30089802611206307,0.30089802611206307,0.7117189211897403,-4.896767903174363,-0.1283853151314111,underdog-54f46dbb-028d-419e-8434-7703ae48dfd8-points-9.5,underdog-50ae1e5d-615b-4a7c-85dc-ac8876347bb4-points-21.5,underdog-348a0f38-07f8-45c0-89fd-e73f32dcbf0b-steals-1.5,,,,,,2026-03-16T21:19:25 ET,24.5,0.25,-0.36835694909851796,lottery,https://play.underdogfantasy.com/pick-em
NBA,UD,3P,ud-3p,LeBron James PTS o11.5 | Victor Wembanyama PTS o21.5 | Kevin Durant STL o1.5,1.3470046036740917,0.8980030691160611,0.6666666666666666,0.30089802611206307,0.30089802611206307,0.7058231886162285,-4.898105866407906,-0.11996799471487235,underdog-a089c5ef-529c-45d3-8f85-c9cbb84c8fb2-points-11.5,underdog-50ae1e5d-615b-4a7c-85dc-ac8876347bb4-points-21.5,underdog-348a0f38-07f8-45c0-89fd-e73f32dcbf0b-steals-1.5,,,,,,2026-03-16T21:19:25 ET,24.5,0.25,-0.3684575967225138,lottery,https://play.underdogfantasy.com/pick-em
NBA,UD,2P,ud-2p,Jabari Smith Jr. PTS o9.5 | Kevin Durant STL o1.5,0.8911761045426263,0.8911761045426263,1,0.45028002489110147,0.45028002489110147,0.7334551590357954,-5.0431884153573465,-0.15071665284976238,underdog-54f46dbb-028d-419e-8434-7703ae48dfd8-points-9.5,underdog-348a0f38-07f8-45c0-89fd-e73f32dcbf0b-steals-1.5,,,,,,,2026-03-16T21:19:25 ET,24.5,0.25,-0.5677117512994051,lottery,https://play.underdogfantasy.com/pick-em
NBA,UD,2P,ud-2p,LeBron James PTS o11.5 | Kevin Durant STL o1.5,0.8911761045426263,0.8911761045426263,1,0.45028002489110147,0.45028002489110147,0.7246115601755274,-5.045195360207661,-0.1389324042666082,underdog-a089c5ef-529c-45d3-8f85-c9cbb84c8fb2-points-11.5,underdog-348a0f38-07f8-45c0-89fd-e73f32dcbf0b-steals-1.5,,,,,,,2026-03-16T21:19:25 ET,24.5,0.25,-0.5679376730936938,lottery,https://play.underdogfantasy.com/pick-em
NBA,UD,2P,ud-2p,Stephon Castle PTS o12.5 | Kevin Durant STL o1.5,0.8911761045426263,0.8911761045426263,1,0.45028002489110147,0.45028002489110147,0.6864318354673054,-4.745520772206351,-0.08393924421188864,underdog-84e34d07-bd25-4468-b942-844dab4e3a01-points-12.5,underdog-348a0f38-07f8-45c0-89fd-e73f32dcbf0b-steals-1.5,,,,,,,2026-03-16T21:19:25 ET,24.5,0.25,-0.5342033028575788,lottery,https://play.underdogfantasy.com/pick-em
NBA,UD,2P,ud-2p,Bennedict Mathurin PTS o15.5 | Kevin Durant STL o1.5,0.8911761045426263,0.8911761045426263,1,0.45028002489110147,0.45028002489110147,0.6846568343455575,-4.718939251728077,-0.08121363569605705,underdog-b01e89aa-4eff-45ea-83c3-c1bbed04c216-points-15.5,underdog-348a0f38-07f8-45c0-89fd-e73f32dcbf0b-steals-1.5,,,,,,,2026-03-16T21:19:25 ET,24.5,0.25,-0.5312110209319286,lottery,https://play.underdogfantasy.com/pick-em
NBA,UD,3P,ud-3p,Jabari Smith Jr. PTS o9.5 | LeBron James STL o1.5 | Austin Reaves STL o1.5,1.332754073136916,0.8885027154246107,0.6666666666666666,0.29699209038485935,0.29699209038485935,0.7088204937059194,-4.855892867438738,-0.12636358002212084,underdog-54f46dbb-028d-419e-8434-7703ae48dfd8-points-9.5,underdog-d2b4dcf3-5a4e-415b-b9ce-5e9ece3eba2e-steals-1.5,underdog-e7f9ab69-35bb-4871-bab1-4335670bfc54-steals-1.5,,,,,,2026-03-16T21:19:25 ET,24.5,0.25,-0.36054044334638985,lottery,https://play.underdogfantasy.com/pick-em
NBA,UD,4P,ud-4p,Jabari Smith Jr. PTS o9.5 | LeBron James PTS o11.5 | Austin Reaves STL o1.5 | Kevin Durant STL o1.5,1.7753586830849235,0.8876793415424618,0.5,0.20287709671673418,0.20287709671673418,0.7291297470802247,-5.062055285493494,-0.15182098149807247,underdog-54f46dbb-028d-419e-8434-7703ae48dfd8-points-9.5,underdog-a089c5ef-529c-45d3-8f85-c9cbb84c8fb2-points-11.5,underdog-e7f9ab69-35bb-4871-bab1-4335670bfc54-steals-1.5,underdog-348a0f38-07f8-45c0-89fd-e73f32dcbf0b-steals-1.5,,,,,2026-03-16T21:19:25 ET,24.5,0.25,-0.25674376993512976,lottery,https://play.underdogfantasy.com/pick-em
NBA,UD,4P,ud-4p,Jabari Smith Jr. PTS o9.5 | Stephon Castle PTS o12.5 | Austin Reaves STL o1.5 | Kevin Durant STL o1.5,1.7753586830849235,0.8876793415424618,0.5,0.20287709671673418,0.20287709671673418,0.7100398847261137,-4.91221799149284,-0.1187158275313572,underdog-54f46dbb-028d-419e-8434-7703ae48dfd8-points-9.5,underdog-84e34d07-bd25-4468-b942-844dab4e3a01-points-12.5,underdog-e7f9ab69-35bb-4871-bab1-4335670bfc54-steals-1.5,underdog-348a0f38-07f8-45c0-89fd-e73f32dcbf0b-steals-1.5,,,,,2026-03-16T21:19:25 ET,24.5,0.25,-0.24914413113844364,lottery,https://play.underdogfantasy.com/pick-em
NBA,UD,2P,ud-2p,Darius Garland PTS o15.5 | Austin Reaves STL o1.5,0.8876111524163564,0.8876111524163564,1,0.4505576208178438,0.4505576208178438,0.6756921147278387,-4.763386025376537,-0.06967784643749098,underdog-622e590f-3f15-4f0e-9c78-74072179ef00-points-15.5,underdog-e7f9ab69-35bb-4871-bab1-4335670bfc54-steals-1.5,,,,,,,2026-03-16T21:19:25 ET,24.5,0.25,-0.5365449686576544,lottery,https://play.underdogfantasy.com/pick-em
NBA,UD,3P,ud-3p,Kevin Durant PTS o19.5 | Victor Wembanyama PTS o21.5 | Austin Reaves STL o1.5,1.32027010482919,0.8801800698861266,0.6666666666666666,0.30108352860339327,0.30108352860339327,0.7036515190998943,-4.9068443057154,-0.11696282901250077,underdog-79e5a344-67ee-4fc1-b291-a6593dbdadb4-points-19.5,underdog-50ae1e5d-615b-4a7c-85dc-ac8876347bb4-points-21.5,underdog-e7f9ab69-35bb-4871-bab1-4335670bfc54-steals-1.5,,,,,,2026-03-16T21:19:25 ET,24.5,0.25,-0.369342499468065,lottery,https://play.underdogfantasy.com/pick-em
NBA,UD,5F,ud-5f,Jabari Smith Jr. PTS o9.5 | LeBron James PTS o11.5 | Stephon Castle PTS o12.5 | Austin Reaves STL o1.5 | Kevin Durant STL o1.5,2.179074734889875,0.8716298939559501,0.4,0.4913394871415253,0.4913394871415253,0.7327987471591293,-5.100149278899847,0.20758102456968003,underdog-54f46dbb-028d-419e-8434-7703ae48dfd8-points-9.5,underdog-a089c5ef-529c-45d3-8f85-c9cbb84c8fb2-points-11.5,underdog-84e34d07-bd25-4468-b942-844dab4e3a01-points-12.5,underdog-e7f9ab69-35bb-4871-bab1-4335670bfc54-steals-1.5,underdog-348a0f38-07f8-45c0-89fd-e73f32dcbf0b-steals-1.5,,,,2026-03-16T21:19:25 ET,24.5,0.25,-0.5951523736219694,lottery,https://play.underdogfantasy.com/pick-em
NBA,UD,2P,ud-2p,Kevin Durant PTS o19.5 | Austin Reaves STL o1.5,0.8696339033457243,0.8696339033457243,1,0.4505576208178438,0.4505576208178438,0.7213540559010262,-5.0583030191689025,-0.1347072798444079,underdog-79e5a344-67ee-4fc1-b291-a6593dbdadb4-points-19.5,underdog-e7f9ab69-35bb-4871-bab1-4335670bfc54-steals-1.5,,,,,,,2026-03-16T21:19:25 ET,24.5,0.25,-0.5697642434231142,lottery,https://play.underdogfantasy.com/pick-em
NBA,UD,2P,ud-2p,Julian Champagnie PTS o6.5 | Austin Reaves STL o1.5,0.8696339033457243,0.8696339033457243,1,0.4505576208178438,0.4505576208178438,0.6987502723218295,-4.796751552527168,-0.10097020537014267,underdog-9aaaf91b-7038-4048-93e7-9f7e1f889a28-points-6.5,underdog-e7f9ab69-35bb-4871-bab1-4335670bfc54-steals-1.5,,,,,,,2026-03-16T21:19:25 ET,24.5,0.25,-0.5403032417902348,lottery,https://play.underdogfantasy.com/pick-em
NBA,UD,4P,ud-4p,Jabari Smith Jr. PTS o9.5 | Stephon Castle PTS o12.5 | LeBron James STL o1.5 | Kevin Durant STL o1.5,1.718296541077791,0.8591482705388955,0.5,0.21370255826083262,0.21370255826083262,0.718387669673563,-4.937187565999379,-0.12442494945331511,underdog-54f46dbb-028d-419e-8434-7703ae48dfd8-points-9.5,underdog-84e34d07-bd25-4468-b942-844dab4e3a01-points-12.5,underdog-d2b4dcf3-5a4e-415b-b9ce-5e9ece3eba2e-steals-1.5,underdog-348a0f38-07f8-45c0-89fd-e73f32dcbf0b-steals-1.5,,,,,2026-03-16T21:19:25 ET,24.5,0.25,-0.26377240336691016,lottery,https://play.underdogfantasy.com/pick-em
NBA,UD,3P,ud-3p,LeBron James PTS o11.5 | Victor Wembanyama PTS o21.5 | Jabari Smith Jr. STL o1.5,1.2797230627073892,0.8531487084715927,0.6666666666666666,0.27835446431103655,0.27835446431103655,0.6902049474157538,-4.811480796731559,-0.11134339956733924,underdog-a089c5ef-529c-45d3-8f85-c9cbb84c8fb2-points-11.5,underdog-50ae1e5d-615b-4a7c-85dc-ac8876347bb4-points-21.5,underdog-1d30954b-4179-4bfa-8b98-7564d3ca78f9-steals-1.5,,,,,,2026-03-16T21:19:25 ET,24.5,0.25,-0.33482428992926316,lottery,https://play.underdogfantasy.com/pick-em
NBA,UD,2P,ud-2p,Darius Garland PTS o15.5 | LeBron James STL o1.5,0.8488013451327434,0.8488013451327434,1,0.47459924146649807,0.47459924146649807,0.6923876846227375,-4.8133251743896155,-0.07238394349888272,underdog-622e590f-3f15-4f0e-9c78-74072179ef00-points-15.5,underdog-d2b4dcf3-5a4e-415b-b9ce-5e9ece3eba2e-steals-1.5,,,,,,,2026-03-16T21:19:25 ET,24.5,0.25,-0.5711001191742278,lottery,https://play.underdogfantasy.com/pick-em
NBA,UD,3P,ud-3p,Kevin Durant PTS o19.5 | Victor Wembanyama PTS o21.5 | LeBron James STL o1.5,1.272564709838767,0.8483764732258445,0.6666666666666666,0.3171492561458589,0.3171492561458589,0.7147818990298268,-4.940137071724119,-0.12239080320132206,underdog-79e5a344-67ee-4fc1-b291-a6593dbdadb4-points-19.5,underdog-50ae1e5d-615b-4a7c-85dc-ac8876347bb4-points-21.5,underdog-d2b4dcf3-5a4e-415b-b9ce-5e9ece3eba2e-steals-1.5,,,,,,2026-03-16T21:19:25 ET,24.5,0.25,-0.39169019938897154,lottery,https://play.underdogfantasy.com/pick-em
NBA,UD,4P,ud-4p,Jabari Smith Jr. PTS o9.5 | Kevin Durant PTS o19.5 | LeBron James STL o1.5 | Austin Reaves STL o1.5,1.6873326922537273,0.8436663461268636,0.5,0.21383430507709872,0.21383430507709872,0.7358487798904235,-5.093578689480655,-0.15660190652900885,underdog-54f46dbb-028d-419e-8434-7703ae48dfd8-points-9.5,underdog-79e5a344-67ee-4fc1-b291-a6593dbdadb4-points-19.5,underdog-d2b4dcf3-5a4e-415b-b9ce-5e9ece3eba2e-steals-1.5,underdog-e7f9ab69-35bb-4871-bab1-4335670bfc54-steals-1.5,,,,,2026-03-16T21:19:25 ET,24.5,0.25,-0.27229546485515377,lottery,https://play.underdogfantasy.com/pick-em
NBA,UD,4P,ud-4p,Jabari Smith Jr. PTS o9.5 | Julian Champagnie PTS o6.5 | LeBron James STL o1.5 | Austin Reaves STL o1.5,1.6873326922537273,0.8436663461268636,0.5,0.21383430507709872,0.21383430507709872,0.7245468881008251,-4.962802956159787,-0.13524844069707792,underdog-54f46dbb-028d-419e-8434-7703ae48dfd8-points-9.5,underdog-9aaaf91b-7038-4048-93e7-9f7e1f889a28-points-6.5,underdog-d2b4dcf3-5a4e-415b-b9ce-5e9ece3eba2e-steals-1.5,underdog-e7f9ab69-35bb-4871-bab1-4335670bfc54-steals-1.5,,,,,2026-03-16T21:19:25 ET,24.5,0.25,-0.2653043803412498,lottery,https://play.underdogfantasy.com/pick-em
NBA,UD,2P,ud-2p,LeBron James PTS o11.5 | Jabari Smith Jr. STL o1.5,0.8369617913905152,0.8369617913905152,1,0.416544623898076,0.416544623898076,0.7011841983748153,-4.915257755693142,-0.12903238553165008,underdog-a089c5ef-529c-45d3-8f85-c9cbb84c8fb2-points-11.5,underdog-1d30954b-4179-4bfa-8b98-7564d3ca78f9-steals-1.5,,,,,,,2026-03-16T21:19:25 ET,24.5,0.25,-0.5118560483018253,lottery,https://play.underdogfantasy.com/pick-em
NBA,UD,2P,ud-2p,Stephon Castle PTS o12.5 | Jabari Smith Jr. STL o1.5,0.8369617913905152,0.8369617913905152,1,0.416544623898076,0.416544623898076,0.6630044736665932,-4.615583167691834,-0.07811186465154235,underdog-84e34d07-bd25-4468-b942-844dab4e3a01-points-12.5,underdog-1d30954b-4179-4bfa-8b98-7564d3ca78f9-steals-1.5,,,,,,,2026-03-16T21:19:25 ET,24.5,0.25,-0.4806490886641213,lottery,https://play.underdogfantasy.com/pick-em
NBA,UD,2P,ud-2p,Bennedict Mathurin PTS o15.5 | Jabari Smith Jr. STL o1.5,0.8369617913905152,0.8369617913905152,1,0.416544623898076,0.416544623898076,0.6612294725448453,-4.589001647213559,-0.07558810705690144,underdog-b01e89aa-4eff-45ea-83c3-c1bbed04c216-points-15.5,underdog-1d30954b-4179-4bfa-8b98-7564d3ca78f9-steals-1.5,,,,,,,2026-03-16T21:19:25 ET,24.5,0.25,-0.47788099130155576,lottery,https://play.underdogfantasy.com/pick-em
NBA,UD,2P,ud-2p,Kevin Durant PTS o19.5 | LeBron James STL o1.5,0.8311937132743361,0.8311937132743361,1,0.47459924146649807,0.47459924146649807,0.738049625795925,-5.108242168181981,-0.14075684161955532,underdog-79e5a344-67ee-4fc1-b291-a6593dbdadb4-points-19.5,underdog-d2b4dcf3-5a4e-415b-b9ce-5e9ece3eba2e-steals-1.5,,,,,,,2026-03-16T21:19:25 ET,24.5,0.25,-0.6060919645615869,lottery,https://play.underdogfantasy.com/pick-em
NBA,UD,2P,ud-2p,Julian Champagnie PTS o6.5 | LeBron James STL o1.5,0.8311937132743361,0.8311937132743361,1,0.47459924146649807,0.47459924146649807,0.7154458422167282,-4.846690701540246,-0.1052851877073267,underdog-9aaaf91b-7038-4048-93e7-9f7e1f889a28-points-6.5,underdog-d2b4dcf3-5a4e-415b-b9ce-5e9ece3eba2e-steals-1.5,,,,,,,2026-03-16T21:19:25 ET,24.5,0.25,-0.5750589326434326,lottery,https://play.underdogfantasy.com/pick-em
NBA,UD,3P,ud-3p,Jabari Smith Jr. PTS o9.5 | Victor Wembanyama PTS o21.5 | Austin Reaves STL o1.5,1.231028946951144,0.8206859646340959,0.6666666666666666,0.30108352860339327,0.30108352860339327,0.7118474378224914,-4.920585766789017,-0.12890701065866916,underdog-54f46dbb-028d-419e-8434-7703ae48dfd8-points-9.5,underdog-50ae1e5d-615b-4a7c-85dc-ac8876347bb4-points-21.5,underdog-e7f9ab69-35bb-4871-bab1-4335670bfc54-steals-1.5,,,,,,2026-03-16T21:19:25 ET,24.5,0.25,-0.37037683136511773,lottery,https://play.underdogfantasy.com/pick-em
NBA,UD,3P,ud-3p,LeBron James PTS o11.5 | Victor Wembanyama PTS o21.5 | Austin Reaves STL o1.5,1.231028946951144,0.8206859646340959,0.6666666666666666,0.30108352860339327,0.30108352860339327,0.7059517052489795,-4.921923730022559,-0.12047582361431497,underdog-a089c5ef-529c-45d3-8f85-c9cbb84c8fb2-points-11.5,underdog-50ae1e5d-615b-4a7c-85dc-ac8876347bb4-points-21.5,underdog-e7f9ab69-35bb-4871-bab1-4335670bfc54-steals-1.5,,,,,,2026-03-16T21:19:25 ET,24.5,0.25,-0.37047754103799185,lottery,https://play.underdogfantasy.com/pick-em
NBA,UD,2P,ud-2p,Jabari Smith Jr. PTS o9.5 | Austin Reaves STL o1.5,0.7977249070631967,0.7977249070631967,1,0.4505576208178438,0.4505576208178438,0.733647933984922,-5.078915210779328,-0.15142913414904358,underdog-54f46dbb-028d-419e-8434-7703ae48dfd8-points-9.5,underdog-e7f9ab69-35bb-4871-bab1-4335670bfc54-steals-1.5,,,,,,,2026-03-16T21:19:25 ET,24.5,0.25,-0.5720859884260728,lottery,https://play.underdogfantasy.com/pick-em
NBA,UD,2P,ud-2p,LeBron James PTS o11.5 | Austin Reaves STL o1.5,0.7977249070631967,0.7977249070631967,1,0.4505576208178438,0.4505576208178438,0.724804335124654,-5.080922155629642,-0.13962547228694777,underdog-a089c5ef-529c-45d3-8f85-c9cbb84c8fb2-points-11.5,underdog-e7f9ab69-35bb-4871-bab1-4335670bfc54-steals-1.5,,,,,,,2026-03-16T21:19:25 ET,24.5,0.25,-0.5723120495002904,lottery,https://play.underdogfantasy.com/pick-em
NBA,UD,2P,ud-2p,Stephon Castle PTS o12.5 | Austin Reaves STL o1.5,0.7977249070631967,0.7977249070631967,1,0.4505576208178438,0.4505576208178438,0.686624610416432,-4.781247567628332,-0.08454171693050061,underdog-84e34d07-bd25-4468-b942-844dab4e3a01-points-12.5,underdog-e7f9ab69-35bb-4871-bab1-4335670bfc54-steals-1.5,,,,,,,2026-03-16T21:19:25 ET,24.5,0.25,-0.5385568821529311,lottery,https://play.underdogfantasy.com/pick-em
NBA,UD,2P,ud-2p,Bennedict Mathurin PTS o15.5 | Austin Reaves STL o1.5,0.7977249070631967,0.7977249070631967,1,0.4505576208178438,0.4505576208178438,0.6848496092946841,-4.754666047150058,-0.08181161826851924,underdog-b01e89aa-4eff-45ea-83c3-c1bbed04c216-points-15.5,underdog-e7f9ab69-35bb-4871-bab1-4335670bfc54-steals-1.5,,,,,,,2026-03-16T21:19:25 ET,24.5,0.25,-0.5355627554968281,lottery,https://play.underdogfantasy.com/pick-em
NBA,UD,4P,ud-4p,Jabari Smith Jr. PTS o9.5 | Stephon Castle PTS o12.5 | LeBron James STL o1.5 | Austin Reaves STL o1.5,1.583973742551661,0.7919868712758305,0.5,0.21383430507709872,0.21383430507709872,0.7184840571481264,-4.95505096371037,-0.12485023124848543,underdog-54f46dbb-028d-419e-8434-7703ae48dfd8-points-9.5,underdog-84e34d07-bd25-4468-b942-844dab4e3a01-points-12.5,underdog-d2b4dcf3-5a4e-415b-b9ce-5e9ece3eba2e-steals-1.5,underdog-e7f9ab69-35bb-4871-bab1-4335670bfc54-steals-1.5,,,,,2026-03-16T21:19:25 ET,24.5,0.25,-0.2648899698616538,lottery,https://play.underdogfantasy.com/pick-em
NBA,UD,3P,ud-3p,Jabari Smith Jr. PTS o9.5 | Victor Wembanyama PTS o21.5 | LeBron James STL o1.5,1.1851583748449683,0.7901055832299788,0.6666666666666666,0.3171492561458589,0.3171492561458589,0.7229778177524239,-4.953878532797736,-0.13494909061124155,underdog-54f46dbb-028d-419e-8434-7703ae48dfd8-points-9.5,underdog-50ae1e5d-615b-4a7c-85dc-ac8876347bb4-points-21.5,underdog-d2b4dcf3-5a4e-415b-b9ce-5e9ece3eba2e-steals-1.5,,,,,,2026-03-16T21:19:25 ET,24.5,0.25,-0.39277972292843527,lottery,https://play.underdogfantasy.com/pick-em
NBA,UD,2P,ud-2p,Jabari Smith Jr. PTS o9.5 | LeBron James STL o1.5,0.7607631858407078,0.7607631858407078,1,0.47459924146649807,0.47459924146649807,0.7503435038798207,-5.128854359792406,-0.1583384439934426,underdog-54f46dbb-028d-419e-8434-7703ae48dfd8-points-9.5,underdog-d2b4dcf3-5a4e-415b-b9ce-5e9ece3eba2e-steals-1.5,,,,,,,2026-03-16T21:19:25 ET,24.5,0.25,-0.6085375971874044,lottery,https://play.underdogfantasy.com/pick-em
NBA,UD,2P,ud-2p,Stephon Castle PTS o12.5 | LeBron James STL o1.5,0.7607631858407078,0.7607631858407078,1,0.47459924146649807,0.47459924146649807,0.7033201803113307,-4.831186716641412,-0.08801203449789358,underdog-84e34d07-bd25-4468-b942-844dab4e3a01-points-12.5,underdog-d2b4dcf3-5a4e-415b-b9ce-5e9ece3eba2e-steals-1.5,,,,,,,2026-03-16T21:19:25 ET,24.5,0.25,-0.5732193877752588,lottery,https://play.underdogfantasy.com/pick-em
NBA,UD,2P,ud-2p,Bennedict Mathurin PTS o15.5 | LeBron James STL o1.5,0.7607631858407078,0.7607631858407078,1,0.47459924146649807,0.47459924146649807,0.7015451791895828,-4.804605196163136,-0.08514156880419771,underdog-b01e89aa-4eff-45ea-83c3-c1bbed04c216-points-15.5,underdog-d2b4dcf3-5a4e-415b-b9ce-5e9ece3eba2e-steals-1.5,,,,,,,2026-03-16T21:19:25 ET,24.5,0.25,-0.5700654954112548,lottery,https://play.underdogfantasy.com/pick-em
NBA,UD,2P,ud-2p,Victor Wembanyama PTS o21.5 | Kevin Durant STL o1.5,0.7552384856537016,0.7552384856537016,1,0.4179139251556432,0.4179139251556432,0.6468176844787468,-4.421221585347917,-0.05906756511488365,underdog-50ae1e5d-615b-4a7c-85dc-ac8876347bb4-points-21.5,underdog-348a0f38-07f8-45c0-89fd-e73f32dcbf0b-steals-1.5,,,,,,,2026-03-16T21:19:25 ET,24.5,0.25,-0.4619225166789009,lottery,https://play.underdogfantasy.com/pick-em
NBA,UD,4F,ud-4f,Jabari Smith Jr. PTS o9.5 | LeBron James PTS o11.5 | Austin Reaves STL o1.5 | Kevin Durant STL o1.5,1.4873330225616086,0.7436665112808043,0.5,0.6035193056400553,0.6035193056400553,0.7291297470802247,-5.062055285493494,0.24882122742524865,underdog-54f46dbb-028d-419e-8434-7703ae48dfd8-points-9.5,underdog-a089c5ef-529c-45d3-8f85-c9cbb84c8fb2-points-11.5,underdog-e7f9ab69-35bb-4871-bab1-4335670bfc54-steals-1.5,underdog-348a0f38-07f8-45c0-89fd-e73f32dcbf0b-steals-1.5,,,,,2026-03-16T21:19:25 ET,24.5,0.25,-0.7637620227531513,lottery,https://play.underdogfantasy.com/pick-em
NBA,UD,3P,ud-3p,Jabari Smith Jr. PTS o9.5 | Kevin Durant STL o1.5 | Reed Sheppard PTS o14.5,1.1097147498234876,0.7398098332156584,0.6666666666666666,0.2704762499773702,0.2704762499773702,0.6891982862862709,-4.767879012568928,-0.1158787571417566,underdog-54f46dbb-028d-419e-8434-7703ae48dfd8-points-9.5,underdog-348a0f38-07f8-45c0-89fd-e73f32dcbf0b-steals-1.5,underdog-b4134064-d2b4-486d-9a04-388dab5ced95-points-14.5,,,,,,2026-03-16T21:19:25 ET,24.5,0.25,-0.32239950891636254,lottery,https://play.underdogfantasy.com/pick-em
NBA,UD,3P,ud-3p,LeBron James PTS o11.5 | Kevin Durant STL o1.5 | Reed Sheppard PTS o14.5,1.1097147498234876,0.7398098332156584,0.6666666666666666,0.2704762499773702,0.2704762499773702,0.6833025537127589,-4.769216975802471,-0.1083031687668718,underdog-a089c5ef-529c-45d3-8f85-c9cbb84c8fb2-points-11.5,underdog-348a0f38-07f8-45c0-89fd-e73f32dcbf0b-steals-1.5,underdog-b4134064-d2b4-486d-9a04-388dab5ced95-points-14.5,,,,,,2026-03-16T21:19:25 ET,24.5,0.25,-0.32248998073586665,lottery,https://play.underdogfantasy.com/pick-em
NBA,UD,2P,ud-2p,Victor Wembanyama PTS o21.5 | Jabari Smith Jr. STL o1.5,0.7049210939050992,0.7049210939050992,1,0.3866034226542175,0.3866034226542175,0.6233903226780346,-4.291283980833399,-0.05505415640794176,underdog-50ae1e5d-615b-4a7c-85dc-ac8876347bb4-points-21.5,underdog-1d30954b-4179-4bfa-8b98-7564d3ca78f9-steals-1.5,,,,,,,2026-03-16T21:19:25 ET,24.5,0.25,-0.4147562686428519,lottery,https://play.underdogfantasy.com/pick-em
NBA,UD,3P,ud-3p,LeBron James PTS o11.5 | Reed Sheppard PTS o14.5 | Jabari Smith Jr. STL o1.5,1.0492355930522992,0.6994903953681995,0.6666666666666666,0.2502119161236019,0.2502119161236019,0.6676843125122843,-4.682591906126125,-0.10051616136693631,underdog-a089c5ef-529c-45d3-8f85-c9cbb84c8fb2-points-11.5,underdog-b4134064-d2b4-486d-9a04-388dab5ced95-points-14.5,underdog-1d30954b-4179-4bfa-8b98-7564d3ca78f9-steals-1.5,,,,,,2026-03-16T21:19:25 ET,24.5,0.25,-0.29291007331417174,lottery,https://play.underdogfantasy.com/pick-em
NBA,UD,3P,ud-3p,Kevin Durant PTS o19.5 | LeBron James STL o1.5 | Reed Sheppard PTS o14.5,1.0428009731083363,0.6952006487388909,0.6666666666666666,0.2850844274182673,0.2850844274182673,0.6922612641263574,-4.8112481811186845,-0.11050162599419566,underdog-79e5a344-67ee-4fc1-b291-a6593dbdadb4-points-19.5,underdog-d2b4dcf3-5a4e-415b-b9ce-5e9ece3eba2e-steals-1.5,underdog-b4134064-d2b4-486d-9a04-388dab5ced95-points-14.5,,,,,,2026-03-16T21:19:25 ET,24.5,0.25,-0.34290298322035,lottery,https://play.underdogfantasy.com/pick-em
NBA,UD,4F,ud-4f,Jabari Smith Jr. PTS o9.5 | Kevin Durant PTS o19.5 | LeBron James STL o1.5 | Austin Reaves STL o1.5,1.3754141243438758,0.6877070621719379,0.5,0.6185942063831487,0.6185942063831487,0.7358487798904235,-5.093578689480655,0.2481579947770411,underdog-54f46dbb-028d-419e-8434-7703ae48dfd8-points-9.5,underdog-79e5a344-67ee-4fc1-b291-a6593dbdadb4-points-19.5,underdog-d2b4dcf3-5a4e-415b-b9ce-5e9ece3eba2e-steals-1.5,underdog-e7f9ab69-35bb-4871-bab1-4335670bfc54-steals-1.5,,,,,2026-03-16T21:19:25 ET,24.5,0.25,-0.787714566767351,lottery,https://play.underdogfantasy.com/pick-em
NBA,UD,3F,ud-3f,LeBron James PTS o11.5 | Kevin Durant STL o1.5 | Jabari Smith Jr. STL o1.5,1.0170087544505177,0.6780058363003452,0.6666666666666666,0.7076287413981371,0.7076287413981371,0.6759191067364979,-4.689677267757908,0.34330655237695784,underdog-a089c5ef-529c-45d3-8f85-c9cbb84c8fb2-points-11.5,underdog-348a0f38-07f8-45c0-89fd-e73f32dcbf0b-steals-1.5,underdog-1d30954b-4179-4bfa-8b98-7564d3ca78f9-steals-1.5,,,,,,2026-03-16T21:19:25 ET,24.5,0.25,-0.8296376056367457,lottery,https://play.underdogfantasy.com/pick-em
NBA,UD,3P,ud-3p,Jabari Smith Jr. PTS o9.5 | Austin Reaves STL o1.5 | Reed Sheppard PTS o14.5,1.0054646119132995,0.670309741275533,0.6666666666666666,0.2706429975591498,0.2706429975591498,0.6893268029190219,-4.791696876183582,-0.11634848777670642,underdog-54f46dbb-028d-419e-8434-7703ae48dfd8-points-9.5,underdog-e7f9ab69-35bb-4871-bab1-4335670bfc54-steals-1.5,underdog-b4134064-d2b4-486d-9a04-388dab5ced95-points-14.5,,,,,,2026-03-16T21:19:25 ET,24.5,0.25,-0.3242098014912847,lottery,https://play.underdogfantasy.com/pick-em
NBA,UD,3P,ud-3p,LeBron James PTS o11.5 | Austin Reaves STL o1.5 | Reed Sheppard PTS o14.5,1.0054646119132995,0.670309741275533,0.6666666666666666,0.2706429975591498,0.2706429975591498,0.68343107034551,-4.793034839417125,-0.10876041943678766,underdog-a089c5ef-529c-45d3-8f85-c9cbb84c8fb2-points-11.5,underdog-e7f9ab69-35bb-4871-bab1-4335670bfc54-steals-1.5,underdog-b4134064-d2b4-486d-9a04-388dab5ced95-points-14.5,,,,,,2026-03-16T21:19:25 ET,24.5,0.25,-0.32430032908632217,lottery,https://play.underdogfantasy.com/pick-em
NBA,UD,2P,ud-2p,Victor Wembanyama PTS o21.5 | Austin Reaves STL o1.5,0.6685045543438044,0.6685045543438044,1,0.4181715675047129,0.4181715675047129,0.6470104594278734,-4.456948380769898,-0.05959569834202311,underdog-50ae1e5d-615b-4a7c-85dc-ac8876347bb4-points-21.5,underdog-e7f9ab69-35bb-4871-bab1-4335670bfc54-steals-1.5,,,,,,,2026-03-16T21:19:25 ET,24.5,0.25,-0.46594227266853505,lottery,https://play.underdogfantasy.com/pick-em
NBA,UD,3P,ud-3p,Jabari Smith Jr. PTS o9.5 | LeBron James STL o1.5 | Reed Sheppard PTS o14.5,0.9642317049118618,0.6428211366079079,0.6666666666666666,0.2850844274182673,0.2850844274182673,0.7004571828489544,-4.824989642192301,-0.1218040846631232,underdog-54f46dbb-028d-419e-8434-7703ae48dfd8-points-9.5,underdog-d2b4dcf3-5a4e-415b-b9ce-5e9ece3eba2e-steals-1.5,underdog-b4134064-d2b4-486d-9a04-388dab5ced95-points-14.5,,,,,,2026-03-16T21:19:25 ET,24.5,0.25,-0.3438823523608656,lottery,https://play.underdogfantasy.com/pick-em
NBA,UD,2P,ud-2p,Victor Wembanyama PTS o21.5 | LeBron James STL o1.5,0.6341996393071343,0.6341996393071343,1,0.44048507798035963,0.44048507798035963,0.6637060293227721,-4.506887529782977,-0.06184641841641869,underdog-50ae1e5d-615b-4a7c-85dc-ac8876347bb4-points-21.5,underdog-d2b4dcf3-5a4e-415b-b9ce-5e9ece3eba2e-steals-1.5,,,,,,,2026-03-16T21:19:25 ET,24.5,0.25,-0.4963041762512913,lottery,https://play.underdogfantasy.com/pick-em
NBA,UD,3F,ud-3f,LeBron James PTS o11.5 | Darius Garland PTS o15.5 | Jabari Smith Jr. STL o1.5,0.94100642463059,0.6273376164203933,0.6666666666666666,0.7516649893829226,0.7516649893829226,0.709326050949064,-5.015772559802652,0.3273273153820245,underdog-a089c5ef-529c-45d3-8f85-c9cbb84c8fb2-points-11.5,underdog-622e590f-3f15-4f0e-9c78-74072179ef00-points-15.5,underdog-1d30954b-4179-4bfa-8b98-7564d3ca78f9-steals-1.5,,,,,,2026-03-16T21:19:25 ET,24.5,0.25,-0.9425451569778038,lottery,https://play.underdogfantasy.com/pick-em
NBA,UD,3F,ud-3f,Jabari Smith Jr. PTS o9.5 | Darius Garland PTS o15.5 | Kevin Durant STL o1.5,0.9406298515992533,0.6270865677328354,0.6666666666666666,0.7705568139390169,0.7705568139390169,0.7308400247230505,-5.1010596662454555,0.3031149534739005,underdog-54f46dbb-028d-419e-8434-7703ae48dfd8-points-9.5,underdog-622e590f-3f15-4f0e-9c78-74072179ef00-points-15.5,underdog-348a0f38-07f8-45c0-89fd-e73f32dcbf0b-steals-1.5,,,,,,2026-03-16T21:19:25 ET,24.5,0.25,-0.9826640710337308,lottery,https://play.underdogfantasy.com/pick-em
NBA,UD,3F,ud-3f,LeBron James PTS o11.5 | Darius Garland PTS o15.5 | Kevin Durant STL o1.5,0.9406298515992533,0.6270865677328354,0.6666666666666666,0.7705568139390169,0.7705568139390169,0.7249442921495387,-5.102397629478998,0.3122804801496872,underdog-a089c5ef-529c-45d3-8f85-c9cbb84c8fb2-points-11.5,underdog-622e590f-3f15-4f0e-9c78-74072179ef00-points-15.5,underdog-348a0f38-07f8-45c0-89fd-e73f32dcbf0b-steals-1.5,,,,,,2026-03-16T21:19:25 ET,24.5,0.25,-0.9829218152053322,lottery,https://play.underdogfantasy.com/pick-em
NBA,UD,3F,ud-3f,LeBron James PTS o11.5 | Kevin Durant PTS o19.5 | Jabari Smith Jr. STL o1.5,0.9225206491579176,0.6150137661052784,0.6666666666666666,0.7516649893829226,0.7516649893829226,0.7397673450645222,-5.212383888997562,0.27428510613191226,underdog-a089c5ef-529c-45d3-8f85-c9cbb84c8fb2-points-11.5,underdog-79e5a344-67ee-4fc1-b291-a6593dbdadb4-points-19.5,underdog-1d30954b-4179-4bfa-8b98-7564d3ca78f9-steals-1.5,,,,,,2026-03-16T21:19:25 ET,24.5,0.25,-0.9794916201457673,lottery,https://play.underdogfantasy.com/pick-em
NBA,UD,3F,ud-3f,LeBron James PTS o11.5 | Julian Champagnie PTS o6.5 | Jabari Smith Jr. STL o1.5,0.9225206491579176,0.6150137661052784,0.6666666666666666,0.7516649893829226,0.7516649893829226,0.7246981560117245,-5.038016244569739,0.30180324476542914,underdog-a089c5ef-529c-45d3-8f85-c9cbb84c8fb2-points-11.5,underdog-9aaaf91b-7038-4048-93e7-9f7e1f889a28-points-6.5,underdog-1d30954b-4179-4bfa-8b98-7564d3ca78f9-steals-1.5,,,,,,2026-03-16T21:19:25 ET,24.5,0.25,-0.9467251067463762,lottery,https://play.underdogfantasy.com/pick-em
NBA,UD,3F,ud-3f,Jabari Smith Jr. PTS o9.5 | Julian Champagnie PTS o6.5 | Kevin Durant STL o1.5,0.9221476625364038,0.6147651083576025,0.6666666666666666,0.7705568139390169,0.7705568139390169,0.746212129785711,-5.1233033510125425,0.2749981498369011,underdog-54f46dbb-028d-419e-8434-7703ae48dfd8-points-9.5,underdog-9aaaf91b-7038-4048-93e7-9f7e1f889a28-points-6.5,underdog-348a0f38-07f8-45c0-89fd-e73f32dcbf0b-steals-1.5,,,,,,2026-03-16T21:19:25 ET,24.5,0.25,-0.9869490767498283,lottery,https://play.underdogfantasy.com/pick-em
NBA,UD,3F,ud-3f,LeBron James PTS o11.5 | Julian Champagnie PTS o6.5 | Kevin Durant STL o1.5,0.9221476625364038,0.6147651083576025,0.6666666666666666,0.7705568139390169,0.7705568139390169,0.7403163972121992,-5.124641314246085,0.284714986387923,underdog-a089c5ef-529c-45d3-8f85-c9cbb84c8fb2-points-11.5,underdog-9aaaf91b-7038-4048-93e7-9f7e1f889a28-points-6.5,underdog-348a0f38-07f8-45c0-89fd-e73f32dcbf0b-steals-1.5,,,,,,2026-03-16T21:19:25 ET,24.5,0.25,-0.9872068209214298,lottery,https://play.underdogfantasy.com/pick-em
NBA,UD,3F,ud-3f,Jabari Smith Jr. PTS o9.5 | Austin Reaves STL o1.5 | Kevin Durant STL o1.5,0.9191011274003371,0.6127340849335581,0.6666666666666666,0.7286425790512234,0.7286425790512234,0.6975615971432357,-4.798782237815365,0.3266514237411092,underdog-54f46dbb-028d-419e-8434-7703ae48dfd8-points-9.5,underdog-e7f9ab69-35bb-4871-bab1-4335670bfc54-steals-1.5,underdog-348a0f38-07f8-45c0-89fd-e73f32dcbf0b-steals-1.5,,,,,,2026-03-16T21:19:25 ET,24.5,0.25,-0.8741492665167472,lottery,https://play.underdogfantasy.com/pick-em
NBA,UD,3F,ud-3f,LeBron James PTS o11.5 | Austin Reaves STL o1.5 | Kevin Durant STL o1.5,0.9191011274003371,0.6127340849335581,0.6666666666666666,0.7286425790512234,0.7286425790512234,0.6916658645697238,-4.800120201048908,0.33453360325699383,underdog-a089c5ef-529c-45d3-8f85-c9cbb84c8fb2-points-11.5,underdog-e7f9ab69-35bb-4871-bab1-4335670bfc54-steals-1.5,underdog-348a0f38-07f8-45c0-89fd-e73f32dcbf0b-steals-1.5,,,,,,2026-03-16T21:19:25 ET,24.5,0.25,-0.8743929907620384,lottery,https://play.underdogfantasy.com/pick-em
NBA,UD,3F,ud-3f,LeBron James PTS o11.5 | Austin Reaves STL o1.5 | Jabari Smith Jr. STL o1.5,0.9169375583119932,0.6112917055413287,0.6666666666666666,0.7078081936520473,0.7078081936520473,0.6760476233692491,-4.713495131372562,0.3428858231063365,underdog-a089c5ef-529c-45d3-8f85-c9cbb84c8fb2-points-11.5,underdog-e7f9ab69-35bb-4871-bab1-4335670bfc54-steals-1.5,underdog-1d30954b-4179-4bfa-8b98-7564d3ca78f9-steals-1.5,,,,,,2026-03-16T21:19:25 ET,24.5,0.25,-0.8340626186811331,lottery,https://play.underdogfantasy.com/pick-em
NBA,UD,2P,ud-2p,Kevin Durant STL o1.5 | Reed Sheppard PTS o14.5,0.577778124867993,0.577778124867993,1,0.37566145830190306,0.37566145830190306,0.6130367321235426,-4.227888249439765,-0.05362188294157111,underdog-348a0f38-07f8-45c0-89fd-e73f32dcbf0b-steals-1.5,underdog-b4134064-d2b4-486d-9a04-388dab5ced95-points-14.5,,,,,,,2026-03-16T21:19:25 ET,24.5,0.25,-0.39706366633050555,lottery,https://play.underdogfantasy.com/pick-em
NBA,UD,3F,ud-3f,LeBron James PTS o11.5 | Stephon Castle PTS o12.5 | Jabari Smith Jr. STL o1.5,0.8485775472672286,0.565718364844819,0.6666666666666666,0.7516649893829226,0.7516649893829226,0.7166143814081259,-5.027680254637183,0.31520338183914165,underdog-a089c5ef-529c-45d3-8f85-c9cbb84c8fb2-points-11.5,underdog-84e34d07-bd25-4468-b942-844dab4e3a01-points-12.5,underdog-1d30954b-4179-4bfa-8b98-7564d3ca78f9-steals-1.5,,,,,,2026-03-16T21:19:25 ET,24.5,0.25,-0.9447828063056468,lottery,https://play.underdogfantasy.com/pick-em
NBA,UD,3F,ud-3f,LeBron James PTS o11.5 | Bennedict Mathurin PTS o15.5 | Jabari Smith Jr. STL o1.5,0.8485775472672286,0.565718364844819,0.6666666666666666,0.7516649893829226,0.7516649893829226,0.7154310473269607,-5.009959240984999,0.3174302267755896,underdog-a089c5ef-529c-45d3-8f85-c9cbb84c8fb2-points-11.5,underdog-b01e89aa-4eff-45ea-83c3-c1bbed04c216-points-15.5,underdog-1d30954b-4179-4bfa-8b98-7564d3ca78f9-steals-1.5,,,,,,2026-03-16T21:19:25 ET,24.5,0.25,-0.9414527399209661,lottery,https://play.underdogfantasy.com/pick-em
NBA,UD,3F,ud-3f,Jabari Smith Jr. PTS o9.5 | LeBron James PTS o11.5 | Kevin Durant STL o1.5,0.8482189062850032,0.5654792708566687,0.6666666666666666,0.7705568139390169,0.7705568139390169,0.7635815049875941,-5.312750419747524,0.24026562769707827,underdog-54f46dbb-028d-419e-8434-7703ae48dfd8-points-9.5,underdog-a089c5ef-529c-45d3-8f85-c9cbb84c8fb2-points-11.5,underdog-348a0f38-07f8-45c0-89fd-e73f32dcbf0b-steals-1.5,,,,,,2026-03-16T21:19:25 ET,24.5,0.25,-1.0234440091734567,lottery,https://play.underdogfantasy.com/pick-em
NBA,UD,3F,ud-3f,Jabari Smith Jr. PTS o9.5 | Stephon Castle PTS o12.5 | Kevin Durant STL o1.5,0.8482189062850032,0.5654792708566687,0.6666666666666666,0.7705568139390169,0.7705568139390169,0.7381283551821127,-5.112967361079986,0.28975947174632577,underdog-54f46dbb-028d-419e-8434-7703ae48dfd8-points-9.5,underdog-84e34d07-bd25-4468-b942-844dab4e3a01-points-12.5,underdog-348a0f38-07f8-45c0-89fd-e73f32dcbf0b-steals-1.5,,,,,,2026-03-16T21:19:25 ET,24.5,0.25,-0.9849579598819942,lottery,https://play.underdogfantasy.com/pick-em
NBA,UD,3F,ud-3f,Jabari Smith Jr. PTS o9.5 | Bennedict Mathurin PTS o15.5 | Kevin Durant STL o1.5,0.8482189062850032,0.5654792708566687,0.6666666666666666,0.7705568139390169,0.7705568139390169,0.7369450211009475,-5.0952463474278025,0.2922125194105742,underdog-54f46dbb-028d-419e-8434-7703ae48dfd8-points-9.5,underdog-b01e89aa-4eff-45ea-83c3-c1bbed04c216-points-15.5,underdog-348a0f38-07f8-45c0-89fd-e73f32dcbf0b-steals-1.5,,,,,,2026-03-16T21:19:25 ET,24.5,0.25,-0.9815441979270951,lottery,https://play.underdogfantasy.com/pick-em
NBA,UD,3F,ud-3f,LeBron James PTS o11.5 | Stephon Castle PTS o12.5 | Kevin Durant STL o1.5,0.8482189062850032,0.5654792708566687,0.6666666666666666,0.7705568139390169,0.7705568139390169,0.7322326226086008,-5.114305324313528,0.29918687061284915,underdog-a089c5ef-529c-45d3-8f85-c9cbb84c8fb2-points-11.5,underdog-84e34d07-bd25-4468-b942-844dab4e3a01-points-12.5,underdog-348a0f38-07f8-45c0-89fd-e73f32dcbf0b-steals-1.5,,,,,,2026-03-16T21:19:25 ET,24.5,0.25,-0.9852157040535956,lottery,https://play.underdogfantasy.com/pick-em
NBA,UD,3F,ud-3f,LeBron James PTS o11.5 | Bennedict Mathurin PTS o15.5 | Kevin Durant STL o1.5,0.8482189062850032,0.5654792708566687,0.6666666666666666,0.7705568139390169,0.7705568139390169,0.7310492885274354,-5.096584310661345,0.3015918193032888,underdog-a089c5ef-529c-45d3-8f85-c9cbb84c8fb2-points-11.5,underdog-b01e89aa-4eff-45ea-83c3-c1bbed04c216-points-15.5,underdog-348a0f38-07f8-45c0-89fd-e73f32dcbf0b-steals-1.5,,,,,,2026-03-16T21:19:25 ET,24.5,0.25,-0.9818019420986965,lottery,https://play.underdogfantasy.com/pick-em
NBA,UD,3F,ud-3f,Jabari Smith Jr. PTS o9.5 | LeBron James STL o1.5 | Kevin Durant STL o1.5,0.8463311884724307,0.5642207923149538,0.6666666666666666,0.7434959221547324,0.7434959221547324,0.7086919770731682,-4.832075003824084,0.3208365375120477,underdog-54f46dbb-028d-419e-8434-7703ae48dfd8-points-9.5,underdog-d2b4dcf3-5a4e-415b-b9ce-5e9ece3eba2e-steals-1.5,underdog-348a0f38-07f8-45c0-89fd-e73f32dcbf0b-steals-1.5,,,,,,2026-03-16T21:19:25 ET,24.5,0.25,-0.8981570152222548,lottery,https://play.underdogfantasy.com/pick-em
NBA,UD,3F,ud-3f,Jabari Smith Jr. PTS o9.5 | Darius Garland PTS o15.5 | Austin Reaves STL o1.5,0.8443179496208175,0.562878633080545,0.6666666666666666,0.7707122676579925,0.7707122676579925,0.7309685413558017,-5.124877529860109,0.3025003471281911,underdog-54f46dbb-028d-419e-8434-7703ae48dfd8-points-9.5,underdog-622e590f-3f15-4f0e-9c78-74072179ef00-points-15.5,underdog-e7f9ab69-35bb-4871-bab1-4335670bfc54-steals-1.5,,,,,,2026-03-16T21:19:25 ET,24.5,0.25,-0.987451495626994,lottery,https://play.underdogfantasy.com/pick-em
NBA,UD,3F,ud-3f,LeBron James PTS o11.5 | Darius Garland PTS o15.5 | Austin Reaves STL o1.5,0.8443179496208175,0.562878633080545,0.6666666666666666,0.7707122676579925,0.7707122676579925,0.7250728087822899,-5.126215493093652,0.3116809730209324,underdog-a089c5ef-529c-45d3-8f85-c9cbb84c8fb2-points-11.5,underdog-622e590f-3f15-4f0e-9c78-74072179ef00-points-15.5,underdog-e7f9ab69-35bb-4871-bab1-4335670bfc54-steals-1.5,,,,,,2026-03-16T21:19:25 ET,24.5,0.25,-0.9877092917964357,lottery,https://play.underdogfantasy.com/pick-em
NBA,UD,3F,ud-3f,Jabari Smith Jr. PTS o9.5 | Kevin Durant PTS o19.5 | Austin Reaves STL o1.5,0.8267530167672859,0.5511686778448572,0.6666666666666666,0.7707122676579925,0.7707122676579925,0.7614098354712601,-5.32148885905502,0.24397385706196606,underdog-54f46dbb-028d-419e-8434-7703ae48dfd8-points-9.5,underdog-79e5a344-67ee-4fc1-b291-a6593dbdadb4-points-19.5,underdog-e7f9ab69-35bb-4871-bab1-4335670bfc54-steals-1.5,,,,,,2026-03-16T21:19:25 ET,24.5,0.25,-1.0253341864697594,lottery,https://play.underdogfantasy.com/pick-em
NBA,UD,3F,ud-3f,Jabari Smith Jr. PTS o9.5 | Julian Champagnie PTS o6.5 | Austin Reaves STL o1.5,0.8267530167672859,0.5511686778448572,0.6666666666666666,0.7707122676579925,0.7707122676579925,0.7463406464184622,-5.147121214627196,0.2743372240888047,underdog-54f46dbb-028d-419e-8434-7703ae48dfd8-points-9.5,underdog-9aaaf91b-7038-4048-93e7-9f7e1f889a28-points-6.5,underdog-e7f9ab69-35bb-4871-bab1-4335670bfc54-steals-1.5,,,,,,2026-03-16T21:19:25 ET,24.5,0.25,-0.9917373658089718,lottery,https://play.underdogfantasy.com/pick-em
NBA,UD,3F,ud-3f,LeBron James PTS o11.5 | Kevin Durant PTS o19.5 | Austin Reaves STL o1.5,0.8267530167672859,0.5511686778448572,0.6666666666666666,0.7707122676579925,0.7707122676579925,0.755514102897748,-5.322826822288562,0.25430206119129994,underdog-a089c5ef-529c-45d3-8f85-c9cbb84c8fb2-points-11.5,underdog-79e5a344-67ee-4fc1-b291-a6593dbdadb4-points-19.5,underdog-e7f9ab69-35bb-4871-bab1-4335670bfc54-steals-1.5,,,,,,2026-03-16T21:19:25 ET,24.5,0.25,-1.0255919826392008,lottery,https://play.underdogfantasy.com/pick-em
NBA,UD,3F,ud-3f,LeBron James PTS o11.5 | Julian Champagnie PTS o6.5 | Austin Reaves STL o1.5,0.8267530167672859,0.5511686778448572,0.6666666666666666,0.7707122676579925,0.7707122676579925,0.7404449138449504,-5.148459177860739,0.2840700680803574,underdog-a089c5ef-529c-45d3-8f85-c9cbb84c8fb2-points-11.5,underdog-9aaaf91b-7038-4048-93e7-9f7e1f889a28-points-6.5,underdog-e7f9ab69-35bb-4871-bab1-4335670bfc54-steals-1.5,,,,,,2026-03-16T21:19:25 ET,24.5,0.25,-0.9919951619784135,lottery,https://play.underdogfantasy.com/pick-em
NBA,UD,2P,ud-2p,Reed Sheppard PTS o14.5 | Jabari Smith Jr. STL o1.5,0.5325479862570615,0.5325479862570615,1,0.34751655017166927,0.34751655017166927,0.5896093703228305,-4.0979506449252465,-0.04997527098427407,underdog-b4134064-d2b4-486d-9a04-388dab5ced95-points-14.5,underdog-1d30954b-4179-4bfa-8b98-7564d3ca78f9-steals-1.5,,,,,,,2026-03-16T21:19:25 ET,24.5,0.25,-0.35602641772454724,lottery,https://play.underdogfantasy.com/pick-em
NBA,UD,3F,ud-3f,Jabari Smith Jr. PTS o9.5 | Darius Garland PTS o15.5 | LeBron James STL o1.5,0.7728399545769915,0.5152266363846609,0.6666666666666666,0.7841755752212389,0.7841755752212389,0.7420989212857342,-5.158170295868828,0.2918907087523962,underdog-54f46dbb-028d-419e-8434-7703ae48dfd8-points-9.5,underdog-622e590f-3f15-4f0e-9c78-74072179ef00-points-15.5,underdog-d2b4dcf3-5a4e-415b-b9ce-5e9ece3eba2e-steals-1.5,,,,,,2026-03-16T21:19:25 ET,24.5,0.25,-1.0112277897130117,lottery,https://play.underdogfantasy.com/pick-em
NBA,UD,3F,ud-3f,Jabari Smith Jr. PTS o9.5 | Victor Wembanyama PTS o21.5 | Kevin Durant STL o1.5,0.7577039065463005,0.5051359376975336,0.6666666666666666,0.7475353385809123,0.7475353385809123,0.7117189211897403,-4.896767903174363,0.3182519973374381,underdog-54f46dbb-028d-419e-8434-7703ae48dfd8-points-9.5,underdog-50ae1e5d-615b-4a7c-85dc-ac8876347bb4-points-21.5,underdog-348a0f38-07f8-45c0-89fd-e73f32dcbf0b-steals-1.5,,,,,,2026-03-16T21:19:25 ET,24.5,0.25,-0.9151267631128979,lottery,https://play.underdogfantasy.com/pick-em
NBA,UD,3F,ud-3f,LeBron James PTS o11.5 | Victor Wembanyama PTS o21.5 | Kevin Durant STL o1.5,0.7577039065463005,0.5051359376975336,0.6666666666666666,0.7475353385809123,0.7475353385809123,0.7058231886162285,-4.898105866407906,0.32666931775397684,underdog-a089c5ef-529c-45d3-8f85-c9cbb84c8fb2-points-11.5,underdog-50ae1e5d-615b-4a7c-85dc-ac8876347bb4-points-21.5,underdog-348a0f38-07f8-45c0-89fd-e73f32dcbf0b-steals-1.5,,,,,,2026-03-16T21:19:25 ET,24.5,0.25,-0.9153768068125966,lottery,https://play.underdogfantasy.com/pick-em
NBA,UD,3F,ud-3f,LeBron James PTS o11.5 | Victor Wembanyama PTS o21.5 | Jabari Smith Jr. STL o1.5,0.7568231557717224,0.5045487705144815,0.6666666666666666,0.7275765586885141,0.7275765586885141,0.6902049474157538,-4.811480796731559,0.3378786948101383,underdog-a089c5ef-529c-45d3-8f85-c9cbb84c8fb2-points-11.5,underdog-50ae1e5d-615b-4a7c-85dc-ac8876347bb4-points-21.5,underdog-1d30954b-4179-4bfa-8b98-7564d3ca78f9-steals-1.5,,,,,,2026-03-16T21:19:25 ET,24.5,0.25,-0.8751801600704545,lottery,https://play.underdogfantasy.com/pick-em
NBA,UD,3F,ud-3f,Jabari Smith Jr. PTS o9.5 | LeBron James PTS o11.5 | Austin Reaves STL o1.5,0.7564932853531596,0.5043288569021064,0.6666666666666666,0.7707122676579925,0.7707122676579925,0.7637100216203452,-5.336568283362179,0.23954748386368008,underdog-54f46dbb-028d-419e-8434-7703ae48dfd8-points-9.5,underdog-a089c5ef-529c-45d3-8f85-c9cbb84c8fb2-points-11.5,underdog-e7f9ab69-35bb-4871-bab1-4335670bfc54-steals-1.5,,,,,,2026-03-16T21:19:25 ET,24.5,0.25,-1.0282396607954463,lottery,https://play.underdogfantasy.com/pick-em
NBA,UD,3F,ud-3f,Jabari Smith Jr. PTS o9.5 | Stephon Castle PTS o12.5 | Austin Reaves STL o1.5,0.7564932853531596,0.5043288569021064,0.6666666666666666,0.7707122676579925,0.7707122676579925,0.7382568718148638,-5.13678522469464,0.28912286368448253,underdog-54f46dbb-028d-419e-8434-7703ae48dfd8-points-9.5,underdog-84e34d07-bd25-4468-b942-844dab4e3a01-points-12.5,underdog-e7f9ab69-35bb-4871-bab1-4335670bfc54-steals-1.5,,,,,,2026-03-16T21:19:25 ET,24.5,0.25,-0.9897458472491192,lottery,https://play.underdogfantasy.com/pick-em
NBA,UD,3F,ud-3f,Jabari Smith Jr. PTS o9.5 | Bennedict Mathurin PTS o15.5 | Austin Reaves STL o1.5,0.7564932853531596,0.5043288569021064,0.6666666666666666,0.7707122676579925,0.7707122676579925,0.7370735377336985,-5.119064211042456,0.29157995248026575,underdog-54f46dbb-028d-419e-8434-7703ae48dfd8-points-9.5,underdog-b01e89aa-4eff-45ea-83c3-c1bbed04c216-points-15.5,underdog-e7f9ab69-35bb-4871-bab1-4335670bfc54-steals-1.5,,,,,,2026-03-16T21:19:25 ET,24.5,0.25,-0.9863313965948509,lottery,https://play.underdogfantasy.com/pick-em
NBA,UD,3F,ud-3f,LeBron James PTS o11.5 | Stephon Castle PTS o12.5 | Austin Reaves STL o1.5,0.7564932853531596,0.5043288569021064,0.6666666666666666,0.7707122676579925,0.7707122676579925,0.7323611392413518,-5.138123187928183,0.2985657931741592,underdog-a089c5ef-529c-45d3-8f85-c9cbb84c8fb2-points-11.5,underdog-84e34d07-bd25-4468-b942-844dab4e3a01-points-12.5,underdog-e7f9ab69-35bb-4871-bab1-4335670bfc54-steals-1.5,,,,,,2026-03-16T21:19:25 ET,24.5,0.25,-0.9900036434185607,lottery,https://play.underdogfantasy.com/pick-em
NBA,UD,3F,ud-3f,LeBron James PTS o11.5 | Bennedict Mathurin PTS o15.5 | Austin Reaves STL o1.5,0.7564932853531596,0.5043288569021064,0.6666666666666666,0.7707122676579925,0.7707122676579925,0.7311778051601866,-5.120402174275999,0.30097470375826046,underdog-a089c5ef-529c-45d3-8f85-c9cbb84c8fb2-points-11.5,underdog-b01e89aa-4eff-45ea-83c3-c1bbed04c216-points-15.5,underdog-e7f9ab69-35bb-4871-bab1-4335670bfc54-steals-1.5,,,,,,2026-03-16T21:19:25 ET,24.5,0.25,-0.9865891927642927,lottery,https://play.underdogfantasy.com/pick-em
NBA,UD,3F,ud-3f,Jabari Smith Jr. PTS o9.5 | Kevin Durant PTS o19.5 | LeBron James STL o1.5,0.7559557645334007,0.5039705096889338,0.6666666666666666,0.7841755752212389,0.7841755752212389,0.7725402154011926,-5.3547816250637394,0.23035510044379093,underdog-54f46dbb-028d-419e-8434-7703ae48dfd8-points-9.5,underdog-79e5a344-67ee-4fc1-b291-a6593dbdadb4-points-19.5,underdog-d2b4dcf3-5a4e-415b-b9ce-5e9ece3eba2e-steals-1.5,,,,,,2026-03-16T21:19:25 ET,24.5,0.25,-1.0497722402546197,lottery,https://play.underdogfantasy.com/pick-em
NBA,UD,3F,ud-3f,Jabari Smith Jr. PTS o9.5 | Julian Champagnie PTS o6.5 | LeBron James STL o1.5,0.7559557645334007,0.5039705096889338,0.6666666666666666,0.7841755752212389,0.7841755752212389,0.7574710263483947,-5.180413980635915,0.26227958896479664,underdog-54f46dbb-028d-419e-8434-7703ae48dfd8-points-9.5,underdog-9aaaf91b-7038-4048-93e7-9f7e1f889a28-points-6.5,underdog-d2b4dcf3-5a4e-415b-b9ce-5e9ece3eba2e-steals-1.5,,,,,,2026-03-16T21:19:25 ET,24.5,0.25,-1.0155885282873292,lottery,https://play.underdogfantasy.com/pick-em
NBA,UD,3F,ud-3f,Jabari Smith Jr. PTS o9.5 | LeBron James STL o1.5 | Austin Reaves STL o1.5,0.7547105875404618,0.5031403916936412,0.6666666666666666,0.7436616959380389,0.7436616959380389,0.7088204937059194,-4.855892867438738,0.3203060255310587,underdog-54f46dbb-028d-419e-8434-7703ae48dfd8-points-9.5,underdog-d2b4dcf3-5a4e-415b-b9ce-5e9ece3eba2e-steals-1.5,underdog-e7f9ab69-35bb-4871-bab1-4335670bfc54-steals-1.5,,,,,,2026-03-16T21:19:25 ET,24.5,0.25,-0.9027853812732296,lottery,https://play.underdogfantasy.com/pick-em
NBA,UD,2P,ud-2p,Austin Reaves STL o1.5 | Reed Sheppard PTS o14.5,0.4998132781402884,0.4998132781402884,1,0.37589305216548585,0.37589305216548585,0.6132295070726692,-4.263615044861746,-0.05409748709657658,underdog-e7f9ab69-35bb-4871-bab1-4335670bfc54-steals-1.5,underdog-b4134064-d2b4-486d-9a04-388dab5ced95-points-14.5,,,,,,,2026-03-16T21:19:25 ET,24.5,0.25,-0.40066581811794166,lottery,https://play.underdogfantasy.com/pick-em
NBA,UD,2P,ud-2p,LeBron James STL o1.5 | Reed Sheppard PTS o14.5,0.46897670239134936,0.46897670239134936,1,0.39595059363648233,0.39595059363648233,0.6299250769675679,-4.3135541938748245,-0.05614775312061815,underdog-d2b4dcf3-5a4e-415b-b9ce-5e9ece3eba2e-steals-1.5,underdog-b4134064-d2b4-486d-9a04-388dab5ced95-points-14.5,,,,,,,2026-03-16T21:19:25 ET,24.5,0.25,-0.4269885859369687,lottery,https://play.underdogfantasy.com/pick-em
NBA,UD,3F,ud-3f,Jabari Smith Jr. PTS o9.5 | Stephon Castle PTS o12.5 | LeBron James STL o1.5,0.6884190043590392,0.45894600290602616,0.6666666666666666,0.7841755752212389,0.7841755752212389,0.7493872517447963,-5.170077990703359,0.2778254268532864,underdog-54f46dbb-028d-419e-8434-7703ae48dfd8-points-9.5,underdog-84e34d07-bd25-4468-b942-844dab4e3a01-points-12.5,underdog-d2b4dcf3-5a4e-415b-b9ce-5e9ece3eba2e-steals-1.5,,,,,,2026-03-16T21:19:25 ET,24.5,0.25,-1.0135622205746184,lottery,https://play.underdogfantasy.com/pick-em
NBA,UD,3F,ud-3f,Jabari Smith Jr. PTS o9.5 | Bennedict Mathurin PTS o15.5 | LeBron James STL o1.5,0.6884190043590392,0.45894600290602616,0.6666666666666666,0.7841755752212389,0.7841755752212389,0.748203917663631,-5.152356977051175,0.28040884597761273,underdog-54f46dbb-028d-419e-8434-7703ae48dfd8-points-9.5,underdog-b01e89aa-4eff-45ea-83c3-c1bbed04c216-points-15.5,underdog-d2b4dcf3-5a4e-415b-b9ce-5e9ece3eba2e-steals-1.5,,,,,,2026-03-16T21:19:25 ET,24.5,0.25,-1.0100881240560673,lottery,https://play.underdogfantasy.com/pick-em
NBA,UD,3F,ud-3f,Jabari Smith Jr. PTS o9.5 | Victor Wembanyama PTS o21.5 | Austin Reaves STL o1.5,0.6704795688437075,0.4469863792291383,0.6666666666666666,0.747699571874064,0.747699571874064,0.7118474378224914,-4.920585766789017,0.31770903261200156,underdog-54f46dbb-028d-419e-8434-7703ae48dfd8-points-9.5,underdog-50ae1e5d-615b-4a7c-85dc-ac8876347bb4-points-21.5,underdog-e7f9ab69-35bb-4871-bab1-4335670bfc54-steals-1.5,,,,,,2026-03-16T21:19:25 ET,24.5,0.25,-0.9197799677994403,lottery,https://play.underdogfantasy.com/pick-em
NBA,UD,3F,ud-3f,LeBron James PTS o11.5 | Victor Wembanyama PTS o21.5 | Austin Reaves STL o1.5,0.6704795688437075,0.4469863792291383,0.6666666666666666,0.747699571874064,0.747699571874064,0.7059517052489795,-4.921923730022559,0.32614021965635576,underdog-a089c5ef-529c-45d3-8f85-c9cbb84c8fb2-points-11.5,underdog-50ae1e5d-615b-4a7c-85dc-ac8876347bb4-points-21.5,underdog-e7f9ab69-35bb-4871-bab1-4335670bfc54-steals-1.5,,,,,,2026-03-16T21:19:25 ET,24.5,0.25,-0.9200300664336659,lottery,https://play.underdogfantasy.com/pick-em
NBA,UD,3F,ud-3f,Jabari Smith Jr. PTS o9.5 | Kevin Durant STL o1.5 | Reed Sheppard PTS o14.5,0.6395407031487674,0.42636046876584494,0.6666666666666666,0.7174818526050639,0.7174818526050639,0.6891982862862709,-4.767879012568928,0.3311268454859371,underdog-54f46dbb-028d-419e-8434-7703ae48dfd8-points-9.5,underdog-348a0f38-07f8-45c0-89fd-e73f32dcbf0b-steals-1.5,underdog-b4134064-d2b4-486d-9a04-388dab5ced95-points-14.5,,,,,,2026-03-16T21:19:25 ET,24.5,0.25,-0.8552166667336893,lottery,https://play.underdogfantasy.com/pick-em
NBA,UD,3F,ud-3f,LeBron James PTS o11.5 | Kevin Durant STL o1.5 | Reed Sheppard PTS o14.5,0.6395407031487674,0.42636046876584494,0.6666666666666666,0.7174818526050639,0.7174818526050639,0.6833025537127589,-4.769216975802471,0.33870243386082194,underdog-a089c5ef-529c-45d3-8f85-c9cbb84c8fb2-points-11.5,underdog-348a0f38-07f8-45c0-89fd-e73f32dcbf0b-steals-1.5,underdog-b4134064-d2b4-486d-9a04-388dab5ced95-points-14.5,,,,,,2026-03-16T21:19:25 ET,24.5,0.25,-0.8554566578185693,lottery,https://play.underdogfantasy.com/pick-em
NBA,UD,3F,ud-3f,Jabari Smith Jr. PTS o9.5 | Victor Wembanyama PTS o21.5 | LeBron James STL o1.5,0.6064710575107402,0.4043140383404934,0.6666666666666666,0.7619232479134337,0.7619232479134337,0.7229778177524239,-4.953878532797736,0.3098249011563332,underdog-54f46dbb-028d-419e-8434-7703ae48dfd8-points-9.5,underdog-50ae1e5d-615b-4a7c-85dc-ac8876347bb4-points-21.5,underdog-d2b4dcf3-5a4e-415b-b9ce-5e9ece3eba2e-steals-1.5,,,,,,2026-03-16T21:19:25 ET,24.5,0.25,-0.9436188053694716,lottery,https://play.underdogfantasy.com/pick-em
NBA,UD,3F,ud-3f,Jabari Smith Jr. PTS o9.5 | Austin Reaves STL o1.5 | Reed Sheppard PTS o14.5,0.5581925853799219,0.37212839025328126,0.6666666666666666,0.7176575472318298,0.7176575472318298,0.6893268029190219,-4.791696876183582,0.33066606189597364,underdog-54f46dbb-028d-419e-8434-7703ae48dfd8-points-9.5,underdog-e7f9ab69-35bb-4871-bab1-4335670bfc54-steals-1.5,underdog-b4134064-d2b4-486d-9a04-388dab5ced95-points-14.5,,,,,,2026-03-16T21:19:25 ET,24.5,0.25,-0.8596993568100826,lottery,https://play.underdogfantasy.com/pick-em
NBA,UD,3F,ud-3f,LeBron James PTS o11.5 | Austin Reaves STL o1.5 | Reed Sheppard PTS o14.5,0.5581925853799219,0.37212839025328126,0.6666666666666666,0.7176575472318298,0.7176575472318298,0.68343107034551,-4.793034839417125,0.3382541302358924,underdog-a089c5ef-529c-45d3-8f85-c9cbb84c8fb2-points-11.5,underdog-e7f9ab69-35bb-4871-bab1-4335670bfc54-steals-1.5,underdog-b4134064-d2b4-486d-9a04-388dab5ced95-points-14.5,,,,,,2026-03-16T21:19:25 ET,24.5,0.25,-0.8599394066632002,lottery,https://play.underdogfantasy.com/pick-em
NBA,UD,3F,ud-3f,Jabari Smith Jr. PTS o9.5 | LeBron James STL o1.5 | Reed Sheppard PTS o14.5,0.4994917508831169,0.3329945005887446,0.6666666666666666,0.7328738496332456,0.7328738496332456,0.7004571828489544,-4.824989642192301,0.32598533755185516,underdog-54f46dbb-028d-419e-8434-7703ae48dfd8-points-9.5,underdog-d2b4dcf3-5a4e-415b-b9ce-5e9ece3eba2e-steals-1.5,underdog-b4134064-d2b4-486d-9a04-388dab5ced95-points-14.5,,,,,,2026-03-16T21:19:25 ET,24.5,0.25,-0.884027183378502,lottery,https://play.underdogfantasy.com/pick-em